Date;Open;High;Low;Close;Adj Close;Volume;ret;tret;Adj Low;Adj High;Adj Open;Returns;Target;Vol;MM20;Detrend
2021-10-21;3.799999952316284;4.170000076293945;3.0299999713897705;3.200000047683716;2.8588907718658447;2729300;;;2.6888906955718994;3.828890800476074;3.458890676498413;;-0.16874992755017348;;;
2021-10-22;3.200000047683716;3.2100000381469727;2.4000000953674316;2.6600000858306885;2.376453161239624;2535400;-16.87;-16.87;2.116453170776367;2.926453113555908;2.9164531230926514;-0.16874992755017348;-0.03383463587453184;;;
2021-10-25;2.799999952316284;2.9000000953674316;2.5299999713897705;2.569999933242798;2.296046733856201;1405300;-3.38;-20.25;2.256046772003174;2.626046895980835;2.5260467529296875;-0.03383463587453184;-0.10116737578136048;;;
2021-10-26;2.549999952316284;2.549999952316284;2.299999952316284;2.309999942779541;2.0637617111206055;1246600;-10.12;-30.369999999999997;2.0537617206573486;2.3037617206573486;2.3037617206573486;-0.10116737578136048;-0.03463204438424761;;;
2021-10-27;2.299999952316284;2.630000114440918;2.190000057220459;2.2300000190734863;1.992289423942566;1883300;-3.46;-33.83;1.9522894620895386;2.3922895193099976;2.0622893571853638;-0.03463204438424761;-0.05381164497187296;;;
2021-10-28;2.2300000190734863;2.2899999618530273;2.0899999141693115;2.109999895095825;1.8850810527801514;1107900;-5.38;-39.21;1.8650810718536377;2.0650811195373535;2.0050811767578125;-0.05381164497187296;-0.052132628892585076;;;
2021-10-29;2.109999895095825;2.190000057220459;1.9299999475479126;2.0;1.7868068218231201;889900;-5.21;-44.42;1.7168067693710327;1.976806879043579;1.8968067169189453;-0.052132628892585076;0.0399999412895824;;;
2021-11-01;2.0799999237060547;2.1600000858306885;1.9600000381469727;2.0799999237060547;1.8582789897918701;903500;4.0;-40.42;1.738279104232788;1.938279151916504;1.8582789897918701;0.0399999412895824;-0.009615371045113452;;;
2021-11-03;2.049999952316284;2.1600000858306885;1.9500000476837158;2.059999942779541;1.8404109477996826;1008900;-0.96;-41.38;1.7304110527038574;1.94041109085083;1.8304109573364258;-0.009615371045113452;0.024271810072568067;;;
2021-11-04;2.0799999237060547;2.2200000286102295;2.009999990463257;2.109999895095825;1.8850810527801514;1030800;2.43;-38.95;1.785081148147583;1.9950811862945557;1.8550810813903809;0.024271810072568067;0.009478786275218365;;;
2021-11-05;2.140000104904175;2.2699999809265137;2.0899999141693115;2.130000114440918;1.902949333190918;762400;0.95;-38.0;1.8629491329193115;2.0429491996765137;1.9129493236541748;0.009478786275218365;0.004694891266706636;;;
2021-11-08;2.190000057220459;2.2100000381469727;2.069999933242798;2.140000104904175;1.9118834733963013;612500;0.47;-37.53;1.8418833017349243;1.9818834066390991;1.9618834257125854;0.004694891266706636;-0.009345904527865989;;;
2021-11-09;2.109999895095825;2.180000066757202;2.0899999141693115;2.119999885559082;1.8940151929855347;281600;-0.93;-38.46;1.8640152215957642;1.9540153741836548;1.8840152025222778;-0.009345904527865989;-0.009434011547347465;;;
2021-11-10;2.119999885559082;2.140000104904175;2.059999942779541;2.0999999046325684;1.8761470317840576;316700;-0.94;-39.4;1.8361470699310303;1.916147232055664;1.8961470127105713;-0.009434011547347465;0.019047783039829902;;;
2021-11-11;2.109999895095825;2.1600000858306885;2.049999952316284;2.140000104904175;1.9118834733963013;322600;1.9;-37.5;1.8218833208084106;1.931883454322815;1.8818832635879517;0.019047783039829902;-0.014018856791798928;;;
2021-11-12;2.1500000953674316;2.1500000953674316;2.0299999713897705;2.109999895095825;1.8850810527801514;440300;-1.4;-38.9;1.8050811290740967;1.9250812530517578;1.9250812530517578;-0.014018856791798928;-0.07108994848988881;;;
2021-11-16;2.109999895095825;2.109999895095825;1.9500000476837158;1.9600000381469727;1.7510707378387451;571300;-7.11;-46.01;1.7410707473754883;1.9010705947875977;1.9010705947875977;-0.07108994848988881;-0.056122501080056564;;;
2021-11-17;1.9900000095367432;2.0;1.7999999523162842;1.850000023841858;1.6527962684631348;554100;-5.61;-51.62;1.602796196937561;1.8027962446212769;1.79279625415802;-0.056122501080056564;-0.05405404820601445;;;
2021-11-18;1.8600000143051147;1.8899999856948853;1.75;1.75;1.5634559392929077;420000;-5.41;-57.03;1.5634559392929077;1.703455924987793;1.6734559535980225;-0.05405404820601445;0.0285713871800386;;;
2021-11-19;1.7999999523162842;1.8899999856948853;1.7300000190734863;1.7999999523162842;1.6081260442733765;467300;2.86;-54.17;1.5381261110305786;1.6981260776519775;1.6081260442733765;0.0285713871800386;-0.07222226875896176;;1.9400254607200622;-0.33189941644668575
2021-11-22;1.7999999523162842;1.8300000429153442;1.659999966621399;1.6699999570846558;1.4919835329055786;332700;-7.22;-61.39;1.4819835424423218;1.651983618736267;1.621983528137207;-0.07222226875896176;0.04790428634834831;0.7987;1.871680098772049;-0.3796965658664704
2021-11-23;1.6799999475479126;1.7799999713897705;1.600000023841858;1.75;1.5634559392929077;350000;4.79;-56.6;1.4134559631347656;1.5934559106826782;1.4934558868408203;0.04790428634834831;-0.03428566461604643;0.6603;1.8310302376747132;-0.26757429838180546
2021-11-24;1.7400000095367432;1.7599999904632568;1.690000057220459;1.690000057220459;1.5098518133163452;176900;-3.43;-60.03;1.5098518133163452;1.579851746559143;1.5598517656326294;-0.03428566461604643;-0.011834459682185217;0.6604;1.7917204916477203;-0.2818686783313751
2021-11-25;1.7000000476837158;1.7300000190734863;1.6399999856948853;1.6699999570846558;1.4919835329055786;268700;-1.18;-61.21;1.461983561515808;1.5519835948944092;1.5219836235046387;-0.011834459682185217;-0.05988007828589215;0.5866;1.763131582736969;-0.2711480498313903
2021-11-26;1.6200000047683716;1.649999976158142;1.5;1.5700000524520874;1.4026434421539307;540500;-5.99;-67.2;1.3326433897018433;1.4826433658599854;1.4526433944702148;-0.05988007828589215;0.11464959112633055;0.6042;1.7336492836475372;-0.33100584149360657
2021-11-29;1.600000023841858;1.7799999713897705;1.5700000524520874;1.75;1.5634559392929077;626500;11.46;-55.74;1.3834559917449951;1.5934559106826782;1.4134559631347656;0.11464959112633055;-0.02857138718003871;0.7462;1.717568027973175;-0.15411208868026738
2021-11-30;1.7300000190734863;1.8300000429153442;1.690000057220459;1.7000000476837158;1.518785834312439;447700;-2.86;-58.6;1.5087858438491821;1.6487858295440674;1.5487858057022095;-0.02857138718003871;-0.017647189486063253;0.7323;1.704166978597641;-0.18538114428520203
2021-12-01;1.7400000095367432;1.7799999713897705;1.6200000047683716;1.6699999570846558;1.4919835329055786;472500;-1.76;-60.36;1.4419835805892944;1.6019835472106934;1.561983585357666;-0.017647189486063253;0.011976191436891215;0.7115;1.6858522057533265;-0.1938686728477479
2021-12-02;1.7100000381469727;1.7599999904632568;1.6699999570846558;1.690000057220459;1.5098518133163452;276800;1.2;-59.16;1.489851713180542;1.579851746559143;1.5298517942428589;0.011976191436891215;0.029585754433974598;0.7157;1.6693242490291595;-0.15947243571281433
2021-12-03;1.7300000190734863;1.809999942779541;1.690000057220459;1.7400000095367432;1.554521918296814;182000;2.96;-56.199999999999996;1.5045219659805298;1.6245218515396118;1.5445219278335571;0.029585754433974598;-0.005747118063077705;0.7192;1.6527962923049926;-0.09827437400817862
2021-12-06;1.7400000095367432;1.7799999713897705;1.7100000381469727;1.7300000190734863;1.5455878973007202;167400;-0.57;-56.769999999999996;1.5255879163742065;1.5955878496170044;1.555587887763977;-0.005747118063077705;0.046242783928925446;0.7162;1.6349282205104827;-0.08934032320976248
2021-12-07;1.7699999809265137;1.8700000047683716;1.7400000095367432;1.809999942779541;1.6170601844787598;282400;4.62;-52.15;1.547060251235962;1.6770602464675903;1.5770602226257324;0.046242783928925446;-0.038674049848122505;0.7417;1.6201870560646057;-0.003126871585845903
2021-12-08;1.7999999523162842;1.8300000429153442;1.7300000190734863;1.7400000095367432;1.554521918296814;181000;-3.87;-56.019999999999996;1.5445219278335571;1.644521951675415;1.614521861076355;-0.038674049848122505;-0.005747118063077705;0.7501;1.6032123923301698;-0.0486904740333558
2021-12-09;1.7400000095367432;1.7799999713897705;1.7100000381469727;1.7300000190734863;1.5455878973007202;130900;-0.57;-56.589999999999996;1.5255879163742065;1.5955878496170044;1.555587887763977;-0.005747118063077705;0.011560676700039574;0.7501;1.5866844356060028;-0.04109653830528259
2021-12-10;1.7599999904632568;1.7899999618530273;1.7400000095367432;1.75;1.5634559392929077;76800;1.16;-55.43;1.5534559488296509;1.603455901145935;1.5734559297561646;0.011560676700039574;0.01714283230802316;0.7469;1.5692630589008332;-0.0058071196079254594
2021-12-13;1.7999999523162842;1.850000023841858;1.7599999904632568;1.7799999713897705;1.590258002281189;96400;1.71;-53.72;1.5702580213546753;1.6602580547332764;1.6102579832077026;0.01714283230802316;-0.005617969526503286;0.7523;1.554521906375885;0.03573609590530391
2021-12-14;1.7699999809265137;1.809999942779541;1.7200000286102295;1.7699999809265137;1.5813239812850952;90800;-0.56;-54.28;1.531324028968811;1.6213239431381226;1.5813239812850952;-0.005617969526503286;0.011299418843737863;0.7137;1.5460345685482024;0.03528941273689279
2021-12-15;1.7799999713897705;1.809999942779541;1.7000000476837158;1.7899999618530273;1.5991920232772827;112600;1.13;-53.15;1.5091921091079712;1.6191920042037964;1.5891920328140259;0.011299418843737863;-0.061452576016614247;0.6883;1.5433543562889098;0.05583766698837289
2021-12-16;1.7999999523162842;1.8300000429153442;1.6799999475479126;1.6799999475479126;1.5009175539016724;162800;-6.15;-59.3;1.5009175539016724;1.650917649269104;1.620917558670044;-0.061452576016614247;-0.017857039321926393;0.6963;1.540227437019348;-0.03930988311767569
2021-12-17;1.690000057220459;1.7000000476837158;1.649999976158142;1.649999976158142;1.4741156101226807;199000;-1.79;-61.089999999999996;1.4741156101226807;1.5241156816482544;1.5141156911849976;-0.017857039321926393;-0.04242418067023357;0.6895;1.5335269153118134;-0.059411305189132735
2021-12-20;1.659999966621399;1.6699999570846558;1.5800000429153442;1.5800000429153442;1.4115774631500244;140200;-4.24;-65.33;1.4115774631500244;1.501577377319336;1.491577386856079;-0.04242418067023357;-0.006329104303037569;0.6575;1.5295066118240357;-0.11792914867401127
2021-12-21;1.6100000143051147;1.6299999952316284;1.5299999713897705;1.5700000524520874;1.4026434421539307;164500;-0.63;-65.96;1.3626433610916138;1.4626433849334717;1.442643404006958;-0.006329104303037569;0.26751576928745036;0.6305;1.5214659869670868;-0.11882254481315613
2021-12-22;1.6699999570846558;2.0399999618530273;1.649999976158142;1.9900000095367432;1.7778726816177368;2306900;26.75;-39.209999999999994;1.4378726482391357;1.827872633934021;1.4578726291656494;0.26751576928745036;-0.07035172678439017;1.1438;1.5348670303821563;0.2430056512355805
2021-12-23;1.9800000190734863;2.1700000762939453;1.850000023841858;1.850000023841858;1.6527962684631348;2463500;-7.04;-46.24999999999999;1.6527962684631348;1.9727963209152222;1.7827962636947632;-0.07035172678439017;0.01081079521603856;1.1772;1.5429076671600341;0.10988860130310063
2021-12-27;1.8899999856948853;1.940000057220459;1.809999942779541;1.8700000047683716;1.6706643104553223;631400;1.08;-45.169999999999995;1.6106642484664917;1.7406643629074097;1.690664291381836;0.01081079521603856;0.010695171902797007;1.15;1.5563087105751037;0.1143555998802186
2021-12-28;1.8799999952316284;1.9500000476837158;1.840000033378601;1.8899999856948853;1.6885323524475098;674700;1.07;-44.099999999999994;1.6385324001312256;1.7485324144363403;1.678532361984253;0.010695171902797007;-0.010581995640348785;1.083;1.562562531232834;0.12596982121467581
2021-12-29;1.8899999856948853;1.909999966621399;1.840000033378601;1.8700000047683716;1.6706643104553223;223000;-1.06;-45.16;1.6406643390655518;1.7106642723083496;1.690664291381836;-0.010581995640348785;0.026737929756992518;1.0773;1.570156455039978;0.10050785541534424
2021-12-30;1.8899999856948853;1.9299999475479126;1.840000033378601;1.9199999570846558;1.715334415435791;445000;2.67;-42.489999999999995;1.6353344917297363;1.7253344058990479;1.6853344440460205;0.026737929756992518;0.010416791180760443;1.0755;1.5813239991664887;0.13401041626930232
2022-01-03;1.9299999475479126;1.9600000381469727;1.8899999856948853;1.940000057220459;1.7332026958465576;514300;1.04;-41.449999999999996;1.6832026243209839;1.7532026767730713;1.7232025861740112;0.010416791180760443;-0.02577329443699561;1.0755;1.5924915432929994;0.14071115255355826
2022-01-04;1.9299999475479126;1.9600000381469727;1.8600000143051147;1.8899999856948853;1.6885323524475098;443500;-2.58;-44.029999999999994;1.6585323810577393;1.7585324048995972;1.728532314300537;-0.02577329443699561;-0.04761905098092156;1.0793;1.599192065000534;0.08934028744697575
2022-01-05;1.8899999856948853;1.8899999856948853;1.7999999523162842;1.7999999523162842;1.6081260442733765;448900;-4.76;-48.78999999999999;1.6081260442733765;1.6981260776519775;1.6981260776519775;-0.04761905098092156;0.005555621860113602;1.0955;1.6023189723491669;0.005807071924209595
2022-01-06;1.840000033378601;1.840000033378601;1.7799999713897705;1.809999942779541;1.6170601844787598;282300;0.56;-48.22999999999999;1.5870602130889893;1.6470602750778198;1.6470602750778198;0.005555621860113602;0.0;1.0841;1.6023189723491669;0.014741212129592896
2022-01-07;1.7899999618530273;1.9299999475479126;1.7699999809265137;1.809999942779541;1.6170601844787598;327800;0.0;-48.22999999999999;1.5770602226257324;1.7370601892471313;1.597060203552246;0.0;0.0;1.0735;1.605445885658264;0.011614298820495694
2022-01-10;1.809999942779541;1.8200000524520874;1.7799999713897705;1.809999942779541;1.6170601844787598;320700;0.0;-48.22999999999999;1.5870602130889893;1.6270602941513062;1.6170601844787598;0.0;0.0220994149304925;1.0731;1.609019500017166;0.008040684461593672
2022-01-11;1.809999942779541;1.8600000143051147;1.7899999618530273;1.850000023841858;1.6527962684631348;211500;2.21;-46.01999999999999;1.5927962064743042;1.6627962589263916;1.6127961874008179;0.0220994149304925;0.0;1.0747;1.6134865164756775;0.03930975198745723
2022-01-12;1.850000023841858;1.8799999952316284;1.8200000524520874;1.850000023841858;1.6527962684631348;195400;0.0;-46.01999999999999;1.6227962970733643;1.6827962398529053;1.6527962684631348;0.0;0.01081079521603856;1.0738;1.6166134297847747;0.03618283867836003
2022-01-13;1.840000033378601;1.8899999856948853;1.840000033378601;1.8700000047683716;1.6706643104553223;122500;1.08;-44.93999999999999;1.6406643390655518;1.690664291381836;1.6406643390655518;0.01081079521603856;0.01604275785419551;1.0734;1.6210804462432862;0.04958386421203609
2022-01-14;1.8700000047683716;1.9299999475479126;1.850000023841858;1.899999976158142;1.6974663734436035;203100;1.6;-43.33999999999999;1.6474664211273193;1.727466344833374;1.667466402053833;0.01604275785419551;0.05789479598128566;1.0739;1.6259941637516022;0.0714722096920013
2022-01-17;1.899999976158142;2.0199999809265137;1.899999976158142;2.009999990463257;1.7957408428192139;324200;5.79;-37.54999999999999;1.6857408285140991;1.8057408332824707;1.6857408285140991;0.05789479598128566;-0.02487558556074221;1.0596;1.6407353281974792;0.15500551462173462
2022-01-18;2.0199999809265137;2.0199999809265137;1.899999976158142;1.9600000381469727;1.7510707378387451;691000;-2.49;-40.03999999999999;1.6910706758499146;1.8110706806182861;1.8110706806182861;-0.02487558556074221;0.010203998271909542;1.0624;1.6545830845832825;0.0964876532554626
2022-01-19;2.009999990463257;2.0199999809265137;1.9600000381469727;1.9800000190734863;1.768938660621643;470400;1.02;-39.01999999999999;1.7489386796951294;1.8089386224746704;1.7989386320114136;0.010203998271909542;0.005050497903050122;1.0439;1.6724511444568635;0.09648751616477957
2022-01-20;1.9900000095367432;2.0199999809265137;1.9700000286102295;1.9900000095367432;1.7778726816177368;707500;0.51;-38.50999999999999;1.7578727006912231;1.8078726530075073;1.7778726816177368;0.005050497903050122;-0.05629937808927887;1.0418;1.6912126064300537;0.08666007518768315
2022-01-21;1.7699999809265137;1.7899999618530273;1.690000057220459;1.7200000286102295;1.6777795553207397;1008200;-5.63;-44.13999999999999;1.6477795839309692;1.7477794885635376;1.727779507637024;-0.05629937808927887;-0.0639535292681982;0.4761;1.6862079501152039;-0.008428394794464111
2022-01-24;1.7200000286102295;1.7200000286102295;1.5700000524520874;1.6100000143051147;1.5704796314239502;708100;-6.4;-50.53999999999999;1.5304796695709229;1.680479645729065;1.680479645729065;-0.0639535292681982;0.006211184367432621;0.4644;1.6820921182632447;-0.11161248683929448
2022-01-25;1.6299999952316284;1.6399999856948853;1.559999942779541;1.6200000047683716;1.580234169960022;366900;0.62;-49.919999999999995;1.5202341079711914;1.6002341508865356;1.5902341604232788;0.006211184367432621;0.0;0.463;1.6775706112384796;-0.09733644127845764
2022-01-26;1.6200000047683716;1.6799999475479126;1.600000023841858;1.6200000047683716;1.580234169960022;388600;0.0;-49.919999999999995;1.5602341890335083;1.640234112739563;1.580234169960022;0.0;-0.0061728436971582035;0.4605;1.6721557021141051;-0.09192153215408316
2022-01-27;1.6399999856948853;1.659999966621399;1.600000023841858;1.6100000143051147;1.5704796314239502;362800;-0.62;-50.53999999999999;1.5604796409606934;1.6204795837402344;1.6004796028137207;-0.0061728436971582035;0.062111843674326206;0.4598;1.6671464681625365;-0.09666683673858634
2022-01-28;1.600000023841858;1.7400000095367432;1.600000023841858;1.7100000381469727;1.668025016784668;667100;6.21;-44.32999999999999;1.5580250024795532;1.6980249881744385;1.5580250024795532;0.062111843674326206;-0.035087741866875244;0.5048;1.6647809982299804;0.003244018554687589
2022-01-31;1.7100000381469727;1.75;1.600000023841858;1.649999976158142;1.6094977855682373;921900;-3.51;-47.83999999999999;1.5594978332519531;1.7094978094100952;1.6694978475570679;-0.035087741866875244;0.030303050502886952;0.5169;1.6585957527160644;-0.049097967147827104
2022-02-01;1.659999966621399;1.7200000286102295;1.659999966621399;1.7000000476837158;1.6582704782485962;289900;3.03;-44.80999999999999;1.6182703971862793;1.6782704591751099;1.6182703971862793;0.030303050502886952;-0.017647142128714877;0.5227;1.6570826590061187;0.0011878192424774614
2022-02-02;1.7100000381469727;1.7200000286102295;1.6200000047683716;1.6699999570846558;1.6290067434310913;232800;-1.76;-46.569999999999986;1.5790067911148071;1.679006814956665;1.6690068244934082;-0.017647142128714877;-0.029940068491271066;0.497;1.6581266939640045;-0.029119950532913164
2022-02-03;1.6699999570846558;1.6699999570846558;1.6200000047683716;1.6200000047683716;1.580234169960022;162200;-2.99;-49.55999999999999;1.580234169960022;1.6302341222763062;1.6302341222763062;-0.029940068491271066;0.0;0.5086;1.6562853932380677;-0.0760512232780457
2022-02-04;1.6299999952316284;1.649999976158142;1.590000033378601;1.6200000047683716;1.580234169960022;288400;0.0;-49.55999999999999;1.5502341985702515;1.6102341413497925;1.5902341604232788;0.0;0.0061728436971582035;0.5086;1.6544440925121306;-0.07420992255210868
2022-02-07;1.6200000047683716;1.649999976158142;1.600000023841858;1.6299999952316284;1.5899887084960938;160300;0.62;-48.93999999999999;1.5599887371063232;1.6099886894226074;1.579988718032837;0.0061728436971582035;-0.0122699469297467;0.5092;1.6530905187129974;-0.06310181021690364
2022-02-08;1.6299999952316284;1.6299999952316284;1.590000033378601;1.6100000143051147;1.5704796314239502;242200;-1.23;-50.16999999999999;1.5504796504974365;1.5904796123504639;1.5904796123504639;-0.0122699469297467;0.0;0.5037;1.6489746868610382;-0.07849505543708801
2022-02-09;1.6200000047683716;1.6399999856948853;1.590000033378601;1.6100000143051147;1.5704796314239502;301700;0.0;-50.16999999999999;1.5504796504974365;1.6004796028137207;1.580479621887207;0.0;0.018633553102297862;0.5037;1.644858855009079;-0.07437922358512883
2022-02-10;1.6299999952316284;1.659999966621399;1.600000023841858;1.6399999856948853;1.5997432470321655;341600;1.86;-48.30999999999999;1.5597432851791382;1.6197432279586792;1.5897432565689087;0.018633553102297862;-0.006097565064999255;0.5071;1.641312801837921;-0.041569554805755526
2022-02-11;1.6399999856948853;1.659999966621399;1.6100000143051147;1.6299999952316284;1.5899887084960938;331200;-0.61;-48.91999999999999;1.56998872756958;1.6199886798858643;1.5999886989593506;-0.006097565064999255;-0.00613497346487335;0.5029;1.6359389185905457;-0.04595021009445199
2022-02-14;1.6100000143051147;1.649999976158142;1.590000033378601;1.6200000047683716;1.580234169960022;157000;-0.61;-49.52999999999999;1.5502341985702515;1.6102341413497925;1.5702341794967651;-0.00613497346487335;0.01851853109147461;0.4489;1.625163584947586;-0.04492941498756409
2022-02-15;1.649999976158142;1.659999966621399;1.6299999952316284;1.649999976158142;1.6094977855682373;151400;1.85;-47.679999999999986;1.5894978046417236;1.6194977760314941;1.6094977855682373;0.01851853109147461;-0.006060610100577346;0.4511;1.6180849373340607;-0.008587151765823364
2022-02-16;1.649999976158142;1.659999966621399;1.6299999952316284;1.6399999856948853;1.5997432470321655;92600;-0.61;-48.289999999999985;1.5897432565689087;1.6197432279586792;1.6097432374954224;-0.006060610100577346;0.006097565064999255;0.4481;1.6096251666545869;-0.009881919622421353
2022-02-17;1.649999976158142;1.659999966621399;1.600000023841858;1.649999976158142;1.6094977855682373;251100;0.61;-47.679999999999986;1.5594978332519531;1.6194977760314941;1.6094977855682373;0.006097565064999255;0.012121146135013916;0.4484;1.6012064218521118;0.008291363716125488
2022-02-18;1.659999966621399;1.7000000476837158;1.6299999952316284;1.6699999570846558;1.6290067434310913;370200;1.21;-46.469999999999985;1.589006781578064;1.6590068340301514;1.6190067529678345;0.012121146135013916;-0.041916125159429884;0.4077;1.5987677812576293;0.030238962173462003
2022-02-21;1.6699999570846558;1.6799999475479126;1.590000033378601;1.600000023841858;1.5607250928878784;346500;-4.19;-50.65999999999998;1.5507251024246216;1.640725016593933;1.6307250261306763;-0.041916125159429884;0.025000017185659473;0.3682;1.5982800543308258;-0.03755496144294734
2022-02-22;1.6399999856948853;1.659999966621399;1.600000023841858;1.6399999856948853;1.5997432470321655;229800;2.5;-48.15999999999998;1.5597432851791382;1.6197432279586792;1.5997432470321655;0.025000017185659473;0.006097565064999255;0.3784;1.599255508184433;0.00048773884773245513
2022-02-23;1.649999976158142;1.6699999570846558;1.6299999952316284;1.649999976158142;1.6094977855682373;140500;0.61;-47.54999999999998;1.5894978046417236;1.629497766494751;1.6094977855682373;0.006097565064999255;-0.012121220201154803;0.3788;1.6007186889648437;0.008779096603393599
2022-02-24;1.6100000143051147;1.6399999856948853;1.590000033378601;1.6299999952316284;1.5899887084960938;348100;-1.21;-48.759999999999984;1.5499887466430664;1.5999886989593506;1.56998872756958;-0.012121220201154803;0.006134973464873239;0.3809;1.601694142818451;-0.011705434322357267
2022-02-25;1.6299999952316284;1.6399999856948853;1.6200000047683716;1.6399999856948853;1.5997432470321655;107800;0.61;-48.149999999999984;1.5797432661056519;1.5997432470321655;1.5897432565689087;0.006134973464873239;-0.018292695194997766;0.3061;1.5982800543308258;0.001463192701339766
2022-03-02;1.6399999856948853;1.6399999856948853;1.600000023841858;1.6100000143051147;1.5704796314239502;120400;-1.83;-49.97999999999998;1.5604796409606934;1.6004796028137207;1.6004796028137207;-0.018292695194997766;0.11180124270749259;0.2871;1.5963291466236114;-0.025849515199661166
2022-03-03;1.649999976158142;1.9600000381469727;1.6299999952316284;1.7899999618530273;1.7460612058639526;1261900;11.18;-38.79999999999998;1.5860612392425537;1.916061282157898;1.6060612201690674;0.11180124270749259;-0.050279295663016255;0.4837;1.6007186830043794;0.14534252285957328
2022-03-04;1.7899999618530273;1.8200000524520874;1.6699999570846558;1.7000000476837158;1.6582704782485962;280900;-5.03;-43.829999999999984;1.6282703876495361;1.7782704830169678;1.7482703924179077;-0.050279295663016255;-0.052941210722974086;0.515;1.6021818697452546;0.05608860850334163
2022-03-07;1.7000000476837158;1.7000000476837158;1.600000023841858;1.6100000143051147;1.5704796314239502;384500;-5.29;-49.11999999999998;1.5604796409606934;1.6604796648025513;1.6604796648025513;-0.052941210722974086;0.04347821466573376;0.5395;1.601694142818451;-0.03121451139450082
2022-03-08;1.600000023841858;1.6799999475479126;1.590000033378601;1.6799999475479126;1.638761281967163;198500;4.35;-44.76999999999998;1.5487613677978516;1.638761281967163;1.5587613582611084;0.04347821466573376;-0.005952385282353312;0.5609;1.604620498418808;0.03414078354835515
2022-03-09;1.6799999475479126;1.7400000095367432;1.6200000047683716;1.6699999570846558;1.6290067434310913;203600;-0.6;-45.36999999999998;1.5790067911148071;1.6990067958831787;1.6390067338943481;-0.005952385282353312;0.017964158181364098;0.5614;1.6065714001655578;0.022435343265533536
2022-03-10;1.690000057220459;1.7599999904632568;1.6299999952316284;1.7000000476837158;1.6582704782485962;429600;1.8;-43.569999999999986;1.5882704257965088;1.7182704210281372;1.6482704877853394;0.017964158181364098;-0.029411783734985653;0.5617;1.6109609425067901;0.047309535741806075
2022-03-11;1.7000000476837158;1.75;1.6299999952316284;1.649999976158142;1.6094977855682373;198700;-2.94;-46.509999999999984;1.5894978046417236;1.7094978094100952;1.659497857093811;-0.029411783734985653;-0.01818183030173215;0.5735;1.6129118502140045;-0.003414064645767212
2022-03-14;1.649999976158142;1.659999966621399;1.600000023841858;1.6200000047683716;1.580234169960022;128800;-1.82;-48.329999999999984;1.5602341890335083;1.6202341318130493;1.6102341413497925;-0.01818183030173215;0.0;0.5741;1.6119363963603974;-0.031702226400375455
2022-03-15;1.600000023841858;1.6399999856948853;1.600000023841858;1.6200000047683716;1.580234169960022;126100;0.0;-48.329999999999984;1.5602341890335083;1.6002341508865356;1.5602341890335083;0.0;0.0061728436971582035;0.5737;1.6114486694335937;-0.03121449947357169
2022-03-16;1.649999976158142;1.659999966621399;1.6200000047683716;1.6299999952316284;1.5899887084960938;135300;0.62;-47.70999999999999;1.579988718032837;1.6199886798858643;1.6099886894226074;0.0061728436971582035;0.030674792349438373;0.5735;1.6119363963603974;-0.021947687864303678
2022-03-17;1.6299999952316284;1.7000000476837158;1.6299999952316284;1.6799999475479126;1.638761281967163;163200;3.07;-44.639999999999986;1.588761329650879;1.6587613821029663;1.588761329650879;0.030674792349438373;0.029761999155301977;0.58;1.6133995711803437;0.02536171078681937
2022-03-18;1.7000000476837158;1.7899999618530273;1.6799999475479126;1.7300000190734863;1.6875340938568115;265000;2.98;-41.65999999999999;1.6375340223312378;1.7475340366363525;1.657534122467041;0.029761999155301977;0.0;0.5877;1.6177891135215758;0.06974498033523568
2022-03-21;1.7699999809265137;1.8200000524520874;1.7300000190734863;1.7300000190734863;1.6875340938568115;71900;0.0;-41.65999999999999;1.6875340938568115;1.7775341272354126;1.7275340557098389;0.0;0.023121331342007334;0.5877;1.6216909289360046;0.06584316492080688
2022-03-22;1.7599999904632568;1.809999942779541;1.7599999904632568;1.7699999809265137;1.726552128791809;132700;2.31;-39.34999999999999;1.7165521383285522;1.7665520906448364;1.7165521383285522;0.023121331342007334;0.033898328489731844;0.5913;1.6265681982040405;0.09998393058776855
2022-03-23;1.7699999809265137;1.850000023841858;1.75;1.8300000429153442;1.7850793600082397;203500;3.39;-35.95999999999999;1.7050793170928955;1.8050793409347534;1.7250792980194092;0.033898328489731844;0.0;0.575;1.6377859115600586;0.14729344844818115
2022-03-24;1.840000033378601;1.8700000047683716;1.7799999713897705;1.8300000429153442;1.7850793600082397;116300;0.0;-35.95999999999999;1.735079288482666;1.825079321861267;1.7950793504714966;0.0;-0.005464484523548974;0.5716;1.6470527172088623;0.13802664279937749
2022-03-25;1.840000033378601;1.8700000047683716;1.75;1.8200000524520874;1.775324821472168;117300;-0.55;-36.509999999999984;1.7053247690200806;1.8253247737884521;1.7953248023986816;-0.005464484523548974;0.0054945091839491145;0.5731;1.6553440690040588;0.11998075246810913
2022-03-28;1.8200000524520874;1.8300000429153442;1.7699999809265137;1.8300000429153442;1.7850793600082397;73700;0.55;-35.95999999999999;1.7250792980194092;1.7850793600082397;1.775079369544983;0.0054945091839491145;0.021857938094195895;0.5693;1.665098601579666;0.1199807584285737
2022-03-29;1.8200000524520874;1.8700000047683716;1.8200000524520874;1.8700000047683716;1.8240975141525269;104400;2.19;-33.76999999999999;1.7740975618362427;1.8240975141525269;1.7740975618362427;0.021857938094195895;-0.005347597077672517;0.5719;1.6763163149356841;0.14778119921684274
2022-03-30;1.8700000047683716;1.8700000047683716;1.809999942779541;1.8600000143051147;1.814342975616455;68200;-0.53;-34.29999999999999;1.7643429040908813;1.824342966079712;1.824342966079712;-0.005347597077672517;0.0;0.5661;1.6885094821453095;0.12583349347114559
2022-03-31;1.840000033378601;1.8600000143051147;1.7899999618530273;1.8600000143051147;1.814342975616455;124000;0.0;-34.29999999999999;1.7443429231643677;1.814342975616455;1.7943429946899414;0.0;-0.026881738092428442;0.4119;1.6919235706329345;0.12241940498352055
2022-04-01;1.850000023841858;1.850000023841858;1.7699999809265137;1.809999942779541;1.7655702829360962;371800;-2.69;-36.98999999999999;1.7255703210830688;1.805570363998413;1.805570363998413;-0.026881738092428442;-0.011049731217553371;0.3794;1.6972885608673096;0.06828172206878658
2022-04-04;1.7999999523162842;1.8300000429153442;1.7899999618530273;1.7899999618530273;1.7460612058639526;99200;-1.1;-38.08999999999999;1.7460612058639526;1.7860612869262695;1.7560611963272095;-0.011049731217553371;-0.03351950768425771;0.3216;1.7060676395893097;0.0399935662746429
2022-04-05;1.7899999618530273;1.809999942779541;1.7100000381469727;1.7300000190734863;1.6875340938568115;228000;-3.35;-41.43999999999999;1.6675341129302979;1.7675340175628662;1.7475340366363525;-0.03351950768425771;-0.017341051487341552;0.3171;1.708506280183792;-0.020972186326980502
2022-04-06;1.7200000286102295;1.7400000095367432;1.6699999570846558;1.7000000476837158;1.6582704782485962;120000;-1.73;-43.16999999999999;1.6282703876495361;1.6982704401016235;1.6782704591751099;-0.017341051487341552;0.03529406859425932;0.3233;1.7099694669246674;-0.051698988676071256
2022-04-07;1.7100000381469727;1.7599999904632568;1.6200000047683716;1.7599999904632568;1.7167975902557373;154800;3.53;-39.639999999999986;1.576797604560852;1.7167975902557373;1.6667976379394531;0.03529406859425932;-0.017045396944299407;0.3406;1.7128958225250244;0.003901767730712935
2022-04-08;1.7300000190734863;1.75;1.7000000476837158;1.7300000190734863;1.6875340938568115;52100;-1.7;-41.33999999999999;1.657534122467041;1.7075340747833252;1.6875340938568115;-0.017045396944299407;0.0;0.3281;1.7167976379394532;-0.029263544082641646
2022-04-11;1.7200000286102295;1.7400000095367432;1.7100000381469727;1.7300000190734863;1.6875340938568115;70000;0.0;-41.33999999999999;1.6675341129302979;1.6975340843200684;1.6775341033935547;0.0;0.005780350495780517;0.3191;1.7221626341342926;-0.03462854027748108
2022-04-12;1.7400000095367432;1.7699999809265137;1.7100000381469727;1.7400000095367432;1.6972886323928833;112400;0.58;-40.75999999999999;1.6672886610031128;1.7272886037826538;1.6972886323928833;0.005780350495780517;-0.011494260139266466;0.3189;1.7280153572559356;-0.03072672486305228
2022-04-13;1.7699999809265137;1.8200000524520874;1.7000000476837158;1.7200000286102295;1.6777795553207397;139900;-1.15;-41.90999999999999;1.657779574394226;1.7777795791625977;1.727779507637024;-0.011494260139266466;0.011627914412399631;0.3233;1.732404899597168;-0.05462534427642818
2022-04-14;1.7300000190734863;1.7799999713897705;1.7300000190734863;1.7400000095367432;1.6972886323928833;126200;1.16;-40.74999999999999;1.6872886419296265;1.7372885942459106;1.6872886419296265;0.011627914412399631;-0.0172413902088997;0.3083;1.735331267118454;-0.03804263472557068
2022-04-18;1.75;1.75;1.690000057220459;1.7100000381469727;1.668025016784668;137800;-1.72;-42.46999999999999;1.6480250358581543;1.7080249786376953;1.7080249786376953;-0.0172413902088997;0.03508767039954819;0.297;1.734355813264847;-0.06633079648017892
2022-04-19;1.7100000381469727;1.7799999713897705;1.7000000476837158;1.7699999809265137;1.726552128791809;80200;3.51;-38.959999999999994;1.6565521955490112;1.736552119255066;1.666552186012268;0.03508767039954819;0.022598885659821377;0.3226;1.7363067150115967;-0.009754586219787642
2022-04-20;1.7699999809265137;1.809999942779541;1.7599999904632568;1.809999942779541;1.7655702829360962;119600;2.26;-36.699999999999996;1.715570330619812;1.7655702829360962;1.7255703210830688;0.022598885659821377;-0.033149193652660225;0.3222;1.7382576227188111;0.027312660217285067
2022-04-22;1.7999999523162842;1.7999999523162842;1.75;1.75;1.7070430517196655;64800;-3.31;-40.01;1.7070430517196655;1.7570430040359497;1.7570430040359497;-0.033149193652660225;0.011428579409576312;0.3201;1.7343558073043823;-0.027312755584716797
2022-04-25;1.75;1.7699999809265137;1.690000057220459;1.7699999809265137;1.726552128791809;69800;1.14;-38.87;1.6465522050857544;1.726552128791809;1.7065521478652954;0.011428579409576312;-0.03389825944502278;0.3237;1.7314294457435608;-0.004877316951751753
2022-04-26;1.7699999809265137;1.7699999809265137;1.7000000476837158;1.7100000381469727;1.668025016784668;62300;-3.39;-42.26;1.6580250263214111;1.728024959564209;1.728024959564209;-0.03389825944502278;0.0;0.3434;1.7260644555091857;-0.05803943872451778
2022-04-27;1.7100000381469727;1.75;1.7100000381469727;1.7100000381469727;1.668025016784668;68600;0.0;-42.26;1.668025016784668;1.7080249786376953;1.668025016784668;0.0;0.01169591395562497;0.3422;1.7202117383480071;-0.052186721563339145
2022-04-28;1.7100000381469727;1.7400000095367432;1.690000057220459;1.7300000190734863;1.6875340938568115;53300;1.17;-41.089999999999996;1.6475341320037842;1.6975340843200684;1.6675341129302979;0.01169591395562497;-0.017341051487341552;0.3342;1.7133835673332214;-0.025849473476409868
2022-04-29;1.75;1.7899999618530273;1.690000057220459;1.7000000476837158;1.6582704782485962;127100;-1.73;-42.81999999999999;1.6482704877853394;1.7482703924179077;1.7082704305648804;-0.017341051487341552;-0.005882356746997108;0.3377;1.7055799424648286;-0.04730946421623239
2022-05-02;1.7100000381469727;1.7100000381469727;1.6399999856948853;1.690000057220459;1.6485159397125244;159100;-0.59;-43.41;1.5985158681869507;1.668515920639038;1.668515920639038;-0.005882356746997108;0.029585818071534042;0.3373;1.697288590669632;-0.04877265095710759
2022-05-03;1.7000000476837158;1.7699999809265137;1.7000000476837158;1.7400000095367432;1.6972886323928833;139400;2.96;-40.449999999999996;1.657288670539856;1.7272886037826538;1.657288670539856;0.029585818071534042;0.05747123046120106;0.3472;1.6938745081424713;0.0034141242504119873
2022-05-04;1.7799999713897705;1.850000023841858;1.75;1.840000033378601;1.7948338985443115;204700;5.75;-34.699999999999996;1.7048338651657104;1.8048338890075684;1.734833836555481;0.05747123046120106;-0.05434779576569271;0.4035;1.6963131427764893;0.09852075576782227
2022-05-05;1.809999942779541;1.840000033378601;1.7400000095367432;1.7400000095367432;1.6972886323928833;108400;-5.43;-40.129999999999995;1.6972886323928833;1.7972886562347412;1.7672885656356812;-0.05434779576569271;0.0;0.4332;1.6968008697032928;0.0004877626895904985
2022-05-06;1.75;1.7899999618530273;1.7100000381469727;1.7400000095367432;1.6972886323928833;72600;0.0;-40.129999999999995;1.6672886610031128;1.7472885847091675;1.7072886228561401;0.0;-0.03448285065293033;0.428;1.6987517774105072;-0.0014631450176239014
2022-05-09;1.7400000095367432;1.7400000095367432;1.6699999570846558;1.6799999475479126;1.638761281967163;70000;-3.45;-43.58;1.6287612915039062;1.6987613439559937;1.6987613439559937;-0.03448285065293033;0.0059524580258889515;0.4266;1.6948499619960784;-0.056088680028915316
2022-05-10;1.690000057220459;1.75;1.690000057220459;1.690000057220459;1.6485159397125244;33800;0.6;-42.98;1.6485159397125244;1.7085158824920654;1.6485159397125244;0.0059524580258889515;-0.017751490842920492;0.4237;1.6928990542888642;-0.04438311457633981
2022-05-11;1.7200000286102295;1.7400000095367432;1.659999966621399;1.659999966621399;1.619252324104309;46800;-1.78;-44.76;1.619252324104309;1.6992523670196533;1.6792523860931396;-0.017751490842920492;0.030120501884928652;0.4279;1.689484965801239;-0.07023264169692989
2022-05-12;1.690000057220459;1.7400000095367432;1.659999966621399;1.7100000381469727;1.668025016784668;49400;3.01;-41.75;1.6180249452590942;1.6980249881744385;1.6480250358581543;0.030120501884928652;0.005847956977812485;0.442;1.6880217850208283;-0.019996768236160367
2022-05-13;1.7200000286102295;1.75;1.7100000381469727;1.7200000286102295;1.6777795553207397;53600;0.58;-41.17;1.667779564857483;1.7077795267105103;1.6777795553207397;0.005847956977812485;0.005813957206199927;0.4406;1.6880217850208283;-0.01024222970008859
2022-05-16;1.7400000095367432;1.7599999904632568;1.7100000381469727;1.7300000190734863;1.6875340938568115;45700;0.58;-40.59;1.6675341129302979;1.717534065246582;1.6975340843200684;0.005813957206199927;0.017340980846226817;0.4391;1.6875340580940246;3.576278695405222e-08
2022-05-17;1.7400000095367432;1.7999999523162842;1.7300000190734863;1.7599999904632568;1.7167975902557373;124800;1.73;-38.86000000000001;1.6867976188659668;1.7567975521087646;1.6967976093292236;0.017340980846226817;-0.017045396944299407;0.4382;1.6899726867675782;0.026824903488159135
2022-05-18;1.7300000190734863;1.809999942779541;1.7300000190734863;1.7300000190734863;1.6875340938568115;80300;-1.7;-40.56000000000001;1.6875340938568115;1.7675340175628662;1.6875340938568115;-0.017045396944299407;0.02890168183778785;0.4245;1.6880217850208283;-0.00048769116401681245
2022-05-19;1.7599999904632568;1.850000023841858;1.7100000381469727;1.7799999713897705;1.7363066673278809;113000;2.89;-37.67000000000001;1.666306734085083;1.8063067197799683;1.7163066864013672;0.02890168183778785;0.2415731309074043;0.4297;1.6865586042404175;0.04974806308746338
2022-05-20;2.1700000762939453;2.2699999809265137;2.140000104904175;2.2100000381469727;2.1557517051696777;2227500;24.16;-13.510000000000009;2.08575177192688;2.2157516479492188;2.1157517433166504;0.2415731309074043;-0.0045249449284761045;0.9474;1.7089940369129182;0.44675766825675955
2022-05-23;2.190000057220459;2.240000009536743;2.180000066757202;2.200000047683716;2.1459970474243164;503300;-0.45;-13.960000000000008;2.1259970664978027;2.1859970092773438;2.1359970569610596;-0.0045249449284761045;0.009090915150866019;0.9495;1.7299662828445435;0.41603076457977295
2022-05-24;2.190000057220459;2.2300000190734863;2.190000057220459;2.2200000286102295;2.16550612449646;159200;0.91;-13.050000000000008;2.1355061531066895;2.175506114959717;2.1355061531066895;0.009090915150866019;-0.004504452430976302;0.9338;1.754840338230133;0.410665786266327
2022-05-25;2.2200000286102295;2.240000009536743;2.190000057220459;2.2100000381469727;2.1557517051696777;278500;-0.45;-13.500000000000007;2.135751724243164;2.1857516765594482;2.1657516956329346;-0.004504452430976302;0.0;0.9349;1.7792266726493835;0.37652503252029423
2022-05-26;2.2100000381469727;2.25;2.190000057220459;2.2100000381469727;2.1557517051696777;128700;0.0;-13.500000000000007;2.135751724243164;2.195751667022705;2.1557517051696777;0.0;0.004524834331982808;0.9362;1.802637553215027;0.3531141519546508
2022-05-27;2.2200000286102295;2.240000009536743;2.200000047683716;2.2200000286102295;2.16550612449646;119400;0.45;-13.050000000000008;2.1455061435699463;2.1855061054229736;2.16550612449646;0.004524834331982808;-0.004504452430976302;0.9298;1.82799933552742;0.33750678896903996
2022-05-30;2.2200000286102295;2.240000009536743;2.200000047683716;2.2100000381469727;2.1557517051696777;65700;-0.45;-13.500000000000007;2.145751714706421;2.1857516765594482;2.1657516956329346;-0.004504452430976302;0.01357461359244172;0.9294;1.8533611238002776;0.3023905813694001
2022-05-31;2.240000009536743;2.25;2.2200000286102295;2.240000009536743;2.1850152015686035;135400;1.36;-12.140000000000008;2.16501522064209;2.1950151920318604;2.1850152015686035;0.01357461359244172;-0.013392811353402867;0.9278;1.8777474522590638;0.3072677493095397
2022-06-01;2.2200000286102295;2.25;2.2100000381469727;2.2100000381469727;2.1557517051696777;207600;-1.34;-13.480000000000008;2.1557517051696777;2.195751667022705;2.1657516956329346;-0.013392811353402867;0.018099447924424528;0.9179;1.895793342590332;0.2599583625793458
2022-06-02;2.2200000286102295;2.25;2.2200000286102295;2.25;2.1947696208953857;103600;1.81;-11.670000000000007;2.1647696495056152;2.1947696208953857;2.1647696495056152;0.018099447924424528;0.008888895165308774;0.8854;1.920667392015457;0.27410222887992863
2022-06-03;2.2300000190734863;2.2799999713897705;2.2300000190734863;2.2699999809265137;2.2142786979675293;217700;0.89;-10.780000000000006;2.174278736114502;2.224278688430786;2.174278736114502;0.008888895165308774;-0.008810578853533979;0.884;1.9465168952941894;0.26776180267333993
2022-06-06;2.259999990463257;2.259999990463257;2.2300000190734863;2.25;2.1947696208953857;63300;-0.88;-11.660000000000007;2.174769639968872;2.2047696113586426;2.2047696113586426;-0.008810578853533979;-0.008888895165308774;0.8697;1.9743173122406006;0.22045230865478516
2022-06-07;2.240000009536743;2.25;2.2200000286102295;2.2300000190734863;2.175260543823242;91500;-0.89;-12.550000000000008;2.1652605533599854;2.195260524749756;2.185260534286499;-0.008888895165308774;-0.00896850665036919;0.8735;2.0006545424461364;0.1746060013771058
2022-06-08;2.2300000190734863;2.25;2.200000047683716;2.2100000381469727;2.1557517051696777;67700;-0.9;-13.450000000000008;2.145751714706421;2.195751667022705;2.1757516860961914;-0.00896850665036919;0.009049668663965615;0.8697;2.027479511499405;0.12827219367027265
2022-06-09;2.2200000286102295;2.240000009536743;2.200000047683716;2.2300000190734863;2.175260543823242;71700;0.9;-12.550000000000008;2.1452605724334717;2.185260534286499;2.1652605533599854;0.009049668663965615;-0.004484253325184651;0.8683;2.052841287851334;0.12241925597190839
2022-06-10;2.240000009536743;2.240000009536743;2.200000047683716;2.2200000286102295;2.16550612449646;99200;-0.45;-13.000000000000007;2.1455061435699463;2.1855061054229736;2.1855061054229736;-0.004484253325184651;-0.004504452430976302;0.8704;2.0772276163101195;0.08827850818634042
2022-06-13;2.2200000286102295;2.2200000286102295;2.1700000762939453;2.2100000381469727;2.1557517051696777;87500;-0.45;-13.450000000000006;2.1157517433166504;2.1657516956329346;2.1657516956329346;-0.004504452430976302;-0.0045249449284761045;0.8725;2.1006384968757628;0.05511320829391497
2022-06-14;2.2100000381469727;2.2300000190734863;2.180000066757202;2.200000047683716;2.1459970474243164;117700;-0.45;-13.900000000000006;2.1259970664978027;2.175997018814087;2.1559970378875732;-0.0045249449284761045;0.029824361035106994;0.8747;2.122098469734192;0.0238985776901246
2022-06-15;2.190000057220459;2.2300000190734863;2.180000066757202;2.2100000381469727;2.2100000381469727;268900;2.98;-10.920000000000005;2.180000066757202;2.2300000190734863;2.190000057220459;0.029824361035106994;-0.018099529937821268;0.8695;2.1482217669487;0.061778271198272616
2022-06-17;2.190000057220459;2.200000047683716;2.1500000953674316;2.1700000762939453;2.1700000762939453;165600;-1.81;-12.730000000000006;2.1500000953674316;2.200000047683716;2.190000057220459;-0.018099529937821268;0.0;0.8754;2.169906437397003;9.363889694213867e-05
2022-06-20;2.1700000762939453;2.200000047683716;2.1600000858306885;2.1700000762939453;2.1700000762939453;96200;0.0;-12.730000000000006;2.1600000858306885;2.200000047683716;2.1700000762939453;0.0;0.0;0.1831;2.1706188559532165;-0.0006187796592711514
2022-06-21;2.180000066757202;2.190000057220459;2.1500000953674316;2.1700000762939453;2.1700000762939453;45500;0.0;-12.730000000000006;2.1500000953674316;2.190000057220459;2.180000066757202;0.0;-0.004608290374042534;0.1822;2.171819007396698;-0.0018189311027527744
2022-06-22;2.1500000953674316;2.180000066757202;2.1500000953674316;2.1600000858306885;2.1600000858306885;45200;-0.46;-13.190000000000007;2.1500000953674316;2.180000066757202;2.1500000953674316;-0.004608290374042534;0.01851850012202405;0.1802;2.1715437054634092;-0.01154361963272077
2022-06-23;2.1600000858306885;2.200000047683716;2.1500000953674316;2.200000047683716;2.200000047683716;111500;1.85;-11.340000000000007;2.1500000953674316;2.200000047683716;2.1600000858306885;0.01851850012202405;-0.009090900224102638;0.1909;2.1737561225891113;0.026243925094604492
2022-06-24;2.1700000762939453;2.200000047683716;2.1700000762939453;2.180000066757202;2.180000066757202;44500;-0.91;-12.250000000000007;2.1700000762939453;2.200000047683716;2.1700000762939453;-0.009090900224102638;0.0045871514481794495;0.1943;2.1749685406684875;0.0050315260887146
2022-06-27;2.1700000762939453;2.190000057220459;2.1600000858306885;2.190000057220459;2.190000057220459;19300;0.46;-11.790000000000006;2.1600000858306885;2.190000057220459;2.1700000762939453;0.0045871514481794495;-0.0091324111433575;0.1943;2.1761932373046875;0.013806819915771484
2022-06-28;2.180000066757202;2.200000047683716;2.1600000858306885;2.1700000762939453;2.1700000762939453;19600;-0.91;-12.700000000000006;2.1600000858306885;2.200000047683716;2.180000066757202;-0.0091324111433575;-0.004608290374042534;0.1966;2.176905655860901;-0.006905579566955478
2022-06-29;2.1600000858306885;2.180000066757202;2.140000104904175;2.1600000858306885;2.1600000858306885;34400;-0.46;-13.160000000000007;2.140000104904175;2.180000066757202;2.1600000858306885;-0.004608290374042534;-0.004629625030506013;0.191;2.1756549000740053;-0.015654814243316828
2022-06-30;2.1500000953674316;2.1500000953674316;2.109999895095825;2.1500000953674316;2.1500000953674316;81200;-0.46;-13.620000000000008;2.109999895095825;2.1500000953674316;2.1500000953674316;-0.004629625030506013;-0.009302316297383983;0.1856;2.1753673195838927;-0.025367224216461093
2022-07-01;2.130000114440918;2.180000066757202;2.119999885559082;2.130000114440918;2.130000114440918;61200;-0.93;-14.550000000000008;2.119999885559082;2.180000066757202;2.130000114440918;-0.009302316297383983;-0.009389773835924098;0.1752;2.1721288442611693;-0.04212872982025129
2022-07-04;2.1500000953674316;2.1500000953674316;2.0999999046325684;2.109999895095825;2.109999895095825;28100;-0.94;-15.490000000000007;2.0999999046325684;2.1500000953674316;2.1500000953674316;-0.009389773835924098;0.02369677403827186;0.1729;2.166914904117584;-0.056915009021758944
2022-07-05;2.109999895095825;2.1600000858306885;2.0899999141693115;2.1600000858306885;2.1600000858306885;83900;2.37;-13.120000000000008;2.0899999141693115;2.1600000858306885;2.109999895095825;0.02369677403827186;-0.004629625030506013;0.194;2.1651764273643495;-0.0051763415336609775
2022-07-06;2.1600000858306885;2.1700000762939453;2.109999895095825;2.1500000953674316;2.1500000953674316;64000;-0.46;-13.580000000000009;2.109999895095825;2.1700000762939453;2.1600000858306885;-0.004629625030506013;0.004651158148692103;0.1922;2.163913404941559;-0.013913309574127286
2022-07-07;2.1600000858306885;2.1700000762939453;2.130000114440918;2.1600000858306885;2.1600000858306885;53400;0.47;-13.110000000000008;2.130000114440918;2.1700000762939453;2.1600000858306885;0.004651158148692103;0.01851850012202405;0.1904;2.1641258239746093;-0.00412573814392081
2022-07-08;2.1600000858306885;2.200000047683716;2.140000104904175;2.200000047683716;2.200000047683716;153600;1.85;-11.260000000000009;2.140000104904175;2.200000047683716;2.1600000858306885;0.01851850012202405;-0.009090900224102638;0.199;2.165362799167633;0.03463724851608285
2022-07-11;2.2200000286102295;2.2699999809265137;2.059999942779541;2.180000066757202;2.180000066757202;205200;-0.91;-12.170000000000009;2.059999942779541;2.2699999809265137;2.2200000286102295;-0.009090900224102638;0.018348605792718242;0.2012;2.16608749628067;0.01391257047653216
2022-07-12;2.190000057220459;2.25;2.180000066757202;2.2200000286102295;2.2200000286102295;104700;1.83;-10.340000000000009;2.180000066757202;2.25;2.190000057220459;0.018348605792718242;0.0;0.21;2.169299912452698;0.05070011615753156
2022-07-13;2.2200000286102295;2.25;2.200000047683716;2.2200000286102295;2.2200000286102295;45700;0.0;-10.340000000000009;2.200000047683716;2.25;2.2200000286102295;0.0;0.004504500150622537;0.2089;2.1730000615119933;0.04699996709823617
2022-07-14;2.2100000381469727;2.2300000190734863;2.200000047683716;2.2300000190734863;2.2300000190734863;25000;0.45;-9.89000000000001;2.200000047683716;2.2300000190734863;2.2100000381469727;0.004504500150622537;-0.00448430061781413;0.1813;2.174000060558319;0.05599995851516715
2022-07-15;2.2100000381469727;2.25;2.190000057220459;2.2200000286102295;2.2200000286102295;50500;-0.45;-10.340000000000009;2.190000057220459;2.25;2.2100000381469727;-0.00448430061781413;-0.018018000602490147;0.1688;2.1765000581741334;0.0434999704360961
2022-07-18;2.2300000190734863;2.2300000190734863;2.180000066757202;2.180000066757202;2.180000066757202;38800;-1.8;-12.14000000000001;2.180000066757202;2.2300000190734863;2.2300000190734863;-0.018018000602490147;0.018348605792718242;0.1821;2.1770000576972963;0.0030000090599058282
2022-07-19;2.2200000286102295;2.2300000190734863;2.180000066757202;2.2200000286102295;2.2200000286102295;76600;1.83;-10.31000000000001;2.180000066757202;2.2300000190734863;2.2200000286102295;0.018348605792718242;0.01351350045186761;0.193;2.1795000553131105;0.04049997329711896
2022-07-20;2.2200000286102295;2.299999952316284;2.2100000381469727;2.25;2.25;166100;1.35;-8.96000000000001;2.2100000381469727;2.299999952316284;2.2200000286102295;0.01351350045186761;0.013333320617675781;0.1964;2.184000051021576;0.06599994897842398
2022-07-21;2.25;2.2899999618530273;2.2300000190734863;2.2799999713897705;2.2799999713897705;63100;1.33;-7.63000000000001;2.2300000190734863;2.2899999618530273;2.25;0.013333320617675781;0.008771921569070251;0.1915;2.1880000472068786;0.09199992418289193
2022-07-22;2.25;2.299999952316284;2.2300000190734863;2.299999952316284;2.299999952316284;55600;0.88;-6.75000000000001;2.2300000190734863;2.299999952316284;2.25;0.008771921569070251;-0.01739128812274282;0.1884;2.194000041484833;0.10599991083145133
2022-07-25;2.2899999618530273;2.2899999618530273;2.240000009536743;2.259999990463257;2.259999990463257;18800;-1.74;-8.490000000000009;2.240000009536743;2.2899999618530273;2.2899999618530273;-0.01739128812274282;0.004424774559935729;0.2013;2.1975000381469725;0.06249995231628436
2022-07-26;2.240000009536743;2.2699999809265137;2.240000009536743;2.2699999809265137;2.2699999809265137;13400;0.44;-8.05000000000001;2.240000009536743;2.2699999809265137;2.240000009536743;0.004424774559935729;-0.0044052821794189345;0.1974;2.202500033378601;0.06749994754791278
2022-07-27;2.25;2.259999990463257;2.240000009536743;2.259999990463257;2.259999990463257;8900;-0.44;-8.490000000000009;2.240000009536743;2.259999990463257;2.25;-0.0044052821794189345;-0.008849549119871458;0.1973;2.2075000286102293;0.05249996185302752
2022-07-28;2.25;2.299999952316284;2.2300000190734863;2.240000009536743;2.240000009536743;59000;-0.88;-9.37000000000001;2.2300000190734863;2.299999952316284;2.25;-0.008849549119871458;-0.004464281437804529;0.1998;2.2120000243186952;0.027999985218047918
2022-07-29;2.259999990463257;2.2699999809265137;2.2300000190734863;2.2300000190734863;2.2300000190734863;33400;-0.45;-9.82000000000001;2.2300000190734863;2.2699999809265137;2.259999990463257;-0.004464281437804529;-0.00896860123562837;0.1968;2.2170000195503237;0.012999999523162664
2022-08-01;2.259999990463257;2.2699999809265137;2.190000057220459;2.2100000381469727;2.2100000381469727;66400;-0.9;-10.72000000000001;2.190000057220459;2.2699999809265137;2.259999990463257;-0.00896860123562837;0.009049764968910745;0.1965;2.2220000267028808;-0.011999988555908114
2022-08-02;2.2200000286102295;2.2799999713897705;2.2200000286102295;2.2300000190734863;2.2300000190734863;42600;0.9;-9.82000000000001;2.2200000286102295;2.2799999713897705;2.2200000286102295;0.009049764968910745;0.0;0.1818;2.225500023365021;0.004499995708465487
2022-08-03;2.240000009536743;2.259999990463257;2.2200000286102295;2.2300000190734863;2.2300000190734863;89300;0.0;-9.82000000000001;2.2200000286102295;2.259999990463257;2.240000009536743;0.0;0.0;0.1804;2.2295000195503234;0.0004999995231629306
2022-08-04;2.240000009536743;2.259999990463257;2.2300000190734863;2.2300000190734863;2.2300000190734863;59500;0.0;-9.82000000000001;2.2300000190734863;2.259999990463257;2.240000009536743;0.0;0.00896860123562826;0.1802;2.2330000162124635;-0.0029999971389771396
2022-08-05;2.25;2.25;2.2200000286102295;2.25;2.25;37400;0.9;-8.920000000000009;2.2200000286102295;2.25;2.25;0.00896860123562826;-0.004444440205891964;0.1713;2.2355000138282777;0.014499986171722323
2022-08-08;2.259999990463257;2.2699999809265137;2.240000009536743;2.240000009536743;2.240000009536743;73400;-0.44;-9.360000000000008;2.240000009536743;2.2699999809265137;2.259999990463257;-0.004444440205891964;0.004464281437804418;0.1684;2.238500010967255;0.0014999985694883478
2022-08-09;2.2699999809265137;2.2699999809265137;2.240000009536743;2.25;2.25;30800;0.45;-8.910000000000009;2.240000009536743;2.2699999809265137;2.2699999809265137;0.004464281437804418;0.004444440205891853;0.1567;2.240000009536743;0.009999990463256836
2022-08-10;2.25;2.2799999713897705;2.25;2.259999990463257;2.259999990463257;49200;0.44;-8.47000000000001;2.25;2.2799999713897705;2.25;0.004444440205891853;0.0;0.1572;2.2420000076293944;0.017999982833862394
2022-08-11;2.2699999809265137;2.299999952316284;2.25;2.259999990463257;2.259999990463257;57400;0.0;-8.47000000000001;2.25;2.299999952316284;2.2699999809265137;0.0;-0.004424774559935729;0.1567;2.2435000061988832;0.0164999842643736
2022-08-12;2.2699999809265137;2.299999952316284;2.25;2.25;2.25;41200;-0.44;-8.910000000000009;2.25;2.299999952316284;2.2699999809265137;-0.004424774559935729;0.026666641235351562;0.1566;2.2450000047683716;0.004999995231628418
2022-08-15;2.25;2.359999895095825;2.2300000190734863;2.309999942779541;2.309999942779541;190600;2.67;-6.240000000000009;2.2300000190734863;2.359999895095825;2.25;0.026666641235351562;-0.00865800061555344;0.1658;2.2514999985694883;0.05849994421005267
2022-08-16;2.2899999618530273;2.299999952316284;2.2799999713897705;2.2899999618530273;2.2899999618530273;8500;-0.87;-7.110000000000009;2.2799999713897705;2.299999952316284;2.2899999618530273;-0.00865800061555344;-0.00873361627060032;0.1601;2.2549999952316284;0.034999966621398926
2022-08-17;2.2799999713897705;2.2899999618530273;2.2699999809265137;2.2699999809265137;2.2699999809265137;12700;-0.87;-7.980000000000009;2.2699999809265137;2.2899999618530273;2.2799999713897705;-0.00873361627060032;-0.0044052821794189345;0.1576;2.2559999942779543;0.013999986648559393
2022-08-18;2.2699999809265137;2.2899999618530273;2.259999990463257;2.259999990463257;2.259999990463257;7200;-0.44;-8.420000000000009;2.259999990463257;2.2899999618530273;2.2699999809265137;-0.0044052821794189345;-0.004424774559935729;0.1509;2.2549999952316284;0.004999995231628418
2022-08-19;2.2699999809265137;2.2899999618530273;2.2300000190734863;2.25;2.25;51200;-0.44;-8.860000000000008;2.2300000190734863;2.2899999618530273;2.2699999809265137;-0.004424774559935729;0.013333320617675781;0.1475;2.252499997615814;-0.002499997615814209
2022-08-22;2.2699999809265137;2.2899999618530273;2.259999990463257;2.2799999713897705;2.2799999713897705;16600;1.33;-7.530000000000008;2.259999990463257;2.2899999618530273;2.2699999809265137;0.013333320617675781;0.004385960784535126;0.1426;2.25349999666214;0.026499974727630438
2022-08-23;2.2899999618530273;2.2899999618530273;2.259999990463257;2.2899999618530273;2.2899999618530273;18400;0.44;-7.090000000000008;2.259999990463257;2.2899999618530273;2.2899999618530273;0.004385960784535126;0.0;0.1426;2.2544999957084655;0.035499966144561856
2022-08-24;2.2899999618530273;2.309999942779541;2.2699999809265137;2.2899999618530273;2.2899999618530273;44200;0.0;-7.090000000000008;2.2699999809265137;2.309999942779541;2.2899999618530273;0.0;-0.013100424405900424;0.1415;2.2559999942779543;0.033999967575073065
2022-08-25;2.2799999713897705;2.2899999618530273;2.259999990463257;2.259999990463257;2.259999990463257;20800;-1.31;-8.400000000000007;2.259999990463257;2.2899999618530273;2.2799999713897705;-0.013100424405900424;0.017699098239742916;0.146;2.2569999933242797;0.0029999971389771396
2022-08-26;2.2699999809265137;2.299999952316284;2.259999990463257;2.299999952316284;2.299999952316284;28500;1.77;-6.630000000000008;2.259999990463257;2.299999952316284;2.2699999809265137;0.017699098239742916;-0.004347822030685733;0.1568;2.2604999899864198;0.03949996232986441
2022-08-29;2.309999942779541;2.319999933242798;2.2799999713897705;2.2899999618530273;2.2899999618530273;36400;-0.43;-7.060000000000008;2.2799999713897705;2.319999933242798;2.309999942779541;-0.004347822030685733;-0.00873361627060032;0.1535;2.2644999861717223;0.02549997568130502
2022-08-30;2.309999942779541;2.319999933242798;2.2699999809265137;2.2699999809265137;2.2699999809265137;46400;-0.87;-7.930000000000008;2.2699999809265137;2.319999933242798;2.309999942779541;-0.00873361627060032;0.0;0.1554;2.2664999842643736;0.00349999666214007
2022-08-31;2.2699999809265137;2.299999952316284;2.2699999809265137;2.2699999809265137;2.2699999809265137;23200;0.0;-7.930000000000008;2.2699999809265137;2.299999952316284;2.2699999809265137;0.0;0.013215846538256804;0.1554;2.2684999823570253;0.0014999985694883478
2022-09-01;2.2899999618530273;2.299999952316284;2.259999990463257;2.299999952316284;2.299999952316284;38600;1.32;-6.610000000000007;2.259999990463257;2.299999952316284;2.2899999618530273;0.013215846538256804;-0.008695644061371466;0.1613;2.271999979019165;0.02799997329711923
2022-09-02;2.299999952316284;2.309999942779541;2.2799999713897705;2.2799999713897705;2.2799999713897705;22300;-0.87;-7.4800000000000075;2.2799999713897705;2.309999942779541;2.299999952316284;-0.008695644061371466;0.0;0.1628;2.2734999775886537;0.006499993801116766
2022-09-05;2.299999952316284;2.3299999237060547;2.2799999713897705;2.2799999713897705;2.2799999713897705;26100;0.0;-7.4800000000000075;2.2799999713897705;2.3299999237060547;2.299999952316284;0.0;0.0;0.1617;2.275499975681305;0.004499995708465487
2022-09-06;2.2899999618530273;2.309999942779541;2.2799999713897705;2.2799999713897705;2.2799999713897705;19600;0.0;-7.4800000000000075;2.2799999713897705;2.309999942779541;2.2899999618530273;0.0;0.017543843138140724;0.1611;2.2769999742507934;0.0029999971389771396
2022-09-08;2.309999942779541;2.3399999141693115;2.2799999713897705;2.319999933242798;2.319999933242798;64300;1.75;-5.7300000000000075;2.2799999713897705;2.3399999141693115;2.309999942779541;0.017543843138140724;0.008620681681899223;0.1715;2.2799999713897705;0.039999961853027344
2022-09-09;2.309999942779541;2.3399999141693115;2.299999952316284;2.3399999141693115;2.3399999141693115;76100;0.86;-4.870000000000007;2.299999952316284;2.3399999141693115;2.309999942779541;0.008620681681899223;0.0;0.1734;2.283999967575073;0.05599994659423846
2022-09-12;2.3299999237060547;2.3499999046325684;2.319999933242798;2.3399999141693115;2.3399999141693115;62500;0.0;-4.870000000000007;2.319999933242798;2.3499999046325684;2.3299999237060547;0.0;-0.008547000709448138;0.172;2.288499963283539;0.05149995088577253
2022-09-13;2.3299999237060547;2.3499999046325684;2.319999933242798;2.319999933242798;2.319999933242798;8300;-0.85;-5.720000000000007;2.319999933242798;2.3499999046325684;2.3299999237060547;-0.008547000709448138;-0.004310340840949611;0.1489;2.2889999628067015;0.03099997043609637
2022-09-14;2.319999933242798;2.3299999237060547;2.299999952316284;2.309999942779541;2.309999942779541;14900;-0.43;-6.150000000000007;2.299999952316284;2.3299999237060547;2.319999933242798;-0.004310340840949611;-0.012987000923330161;0.1462;2.2899999618530273;0.019999980926513672
2022-09-15;2.319999933242798;2.319999933242798;2.2799999713897705;2.2799999713897705;2.2799999713897705;11300;-1.3;-7.450000000000006;2.2799999713897705;2.319999933242798;2.319999933242798;-0.012987000923330161;0.008771921569070251;0.1505;2.2904999613761903;-0.010499989986419767
2022-09-16;2.2799999713897705;2.299999952316284;2.2799999713897705;2.299999952316284;2.299999952316284;5600;0.88;-6.5700000000000065;2.2799999713897705;2.299999952316284;2.2799999713897705;0.008771921569070251;0.008695644061371466;0.1523;2.2924999594688416;0.007499992847442627
2022-09-19;2.2899999618530273;2.3299999237060547;2.2799999713897705;2.319999933242798;2.319999933242798;19700;0.87;-5.700000000000006;2.2799999713897705;2.3299999237060547;2.2899999618530273;0.008695644061371466;0.004310340840949722;0.1533;2.2959999561309816;0.02399997711181623
2022-09-20;2.319999933242798;2.3399999141693115;2.299999952316284;2.3299999237060547;2.3299999237060547;12100;0.43;-5.270000000000007;2.299999952316284;2.3399999141693115;2.319999933242798;0.004310340840949722;0.0042918415410722055;0.1474;2.298499953746796;0.031499969959258856
2022-09-21;2.3299999237060547;2.3499999046325684;2.2899999618530273;2.3399999141693115;2.3399999141693115;24900;0.43;-4.840000000000007;2.2899999618530273;2.3499999046325684;2.3299999237060547;0.0042918415410722055;-0.004273500354724069;0.1474;2.30099995136261;0.03899996280670148
2022-09-22;2.3399999141693115;2.3399999141693115;2.309999942779541;2.3299999237060547;2.3299999237060547;26300;-0.43;-5.270000000000007;2.309999942779541;2.3399999141693115;2.3399999141693115;-0.004273500354724069;-0.008583683082144522;0.1486;2.3029999494552613;0.026999974250793368
2022-09-23;2.3299999237060547;2.3299999237060547;2.2799999713897705;2.309999942779541;2.309999942779541;13100;-0.86;-6.130000000000007;2.2799999713897705;2.3299999237060547;2.3299999237060547;-0.008583683082144522;-0.012987000923330161;0.1437;2.3054999470710755;0.004499995708465487
2022-09-26;2.2899999618530273;2.309999942779541;2.2799999713897705;2.2799999713897705;2.2799999713897705;3100;-1.3;-7.430000000000007;2.2799999713897705;2.309999942779541;2.2899999618530273;-0.012987000923330161;0.017543843138140724;0.1379;2.3044999480247497;-0.02449997663497916
2022-09-27;2.2799999713897705;2.319999933242798;2.2799999713897705;2.319999933242798;2.319999933242798;18300;1.75;-5.680000000000007;2.2799999713897705;2.319999933242798;2.2799999713897705;0.017543843138140724;0.004310340840949722;0.1509;2.3059999465942385;0.013999986648559393
2022-09-28;2.319999933242798;2.3299999237060547;2.2100000381469727;2.3299999237060547;2.3299999237060547;1193100;0.43;-5.250000000000007;2.2100000381469727;2.3299999237060547;2.319999933242798;0.004310340840949722;-0.0042918415410722055;0.1472;2.308999943733215;0.020999979972839533
2022-09-29;2.299999952316284;2.319999933242798;2.2799999713897705;2.319999933242798;2.319999933242798;23000;-0.43;-5.680000000000007;2.2799999713897705;2.319999933242798;2.299999952316284;-0.0042918415410722055;0.012931022522848945;0.1485;2.3114999413490294;0.008499991893768488
2022-09-30;2.309999942779541;2.3499999046325684;2.309999942779541;2.3499999046325684;2.3499999046325684;40800;1.29;-4.390000000000007;2.309999942779541;2.3499999046325684;2.309999942779541;0.012931022522848945;0.008510630526872509;0.1482;2.3139999389648436;0.03599996566772479
2022-10-03;2.3499999046325684;2.380000114440918;2.3299999237060547;2.369999885559082;2.369999885559082;118700;0.85;-3.5400000000000067;2.3299999237060547;2.380000114440918;2.3499999046325684;0.008510630526872509;0.0042195060610632495;0.1456;2.3184999346733095;0.05149995088577253
2022-10-04;2.359999895095825;2.4000000953674316;2.3299999237060547;2.380000114440918;2.380000114440918;65300;0.42;-3.1200000000000068;2.3299999237060547;2.4000000953674316;2.359999895095825;0.0042195060610632495;0.0;0.1456;2.3234999418258666;0.05650017261505136
2022-10-05;2.369999885559082;2.4000000953674316;2.359999895095825;2.380000114440918;2.380000114440918;65400;0.0;-3.1200000000000068;2.359999895095825;2.4000000953674316;2.369999885559082;0.0;0.004201676463198689;0.1456;2.328499948978424;0.05150016546249381
2022-10-06;2.380000114440918;2.4000000953674316;2.380000114440918;2.390000104904175;2.390000104904175;48800;0.42;-2.700000000000007;2.380000114440918;2.4000000953674316;2.380000114440918;0.004201676463198689;-0.00836829224570046;0.1342;2.331999957561493;0.058000147342681885
2022-10-07;2.390000104904175;2.440000057220459;2.369999885559082;2.369999885559082;2.369999885559082;57200;-0.84;-3.5400000000000067;2.369999885559082;2.440000057220459;2.390000104904175;-0.00836829224570046;-0.008438810925003759;0.1358;2.3334999561309813;0.036499929428100764
2022-10-10;2.390000104904175;2.4000000953674316;2.3499999046325684;2.3499999046325684;2.3499999046325684;12900;-0.84;-4.380000000000007;2.3499999046325684;2.4000000953674316;2.390000104904175;-0.008438810925003759;-0.00851063052687262;0.1396;2.333999955654144;0.01599994897842416
2022-10-11;2.3399999141693115;2.369999885559082;2.3299999237060547;2.3299999237060547;2.3299999237060547;9200;-0.85;-5.230000000000007;2.3299999237060547;2.369999885559082;2.3399999141693115;-0.00851063052687262;0.0042918415410722055;0.1396;2.334499955177307;-0.004500031471252441
2022-10-13;2.3399999141693115;2.359999895095825;2.319999933242798;2.3399999141693115;2.3399999141693115;3400;0.43;-4.800000000000007;2.319999933242798;2.359999895095825;2.3399999141693115;0.0042918415410722055;-0.004273500354724069;0.1392;2.3359999537467955;0.003999960422516047
2022-10-14;2.359999895095825;2.359999895095825;2.319999933242798;2.3299999237060547;2.3299999237060547;11000;-0.43;-5.230000000000007;2.319999933242798;2.359999895095825;2.359999895095825;-0.004273500354724069;-0.0042918415410722055;0.1311;2.3384999513626097;-0.008500027656554998
2022-10-17;2.3399999141693115;2.3499999046325684;2.319999933242798;2.319999933242798;2.319999933242798;2800;-0.43;-5.660000000000006;2.319999933242798;2.3499999046325684;2.3399999141693115;-0.0042918415410722055;0.004310340840949722;0.1291;2.3394999504089355;-0.019500017166137695
2022-10-18;2.319999933242798;2.3499999046325684;2.319999933242798;2.3299999237060547;2.3299999237060547;8800;0.43;-5.230000000000007;2.319999933242798;2.3499999046325684;2.319999933242798;0.004310340840949722;0.008583683082144411;0.1263;2.3399999499320985;-0.01000002622604379
2022-10-19;2.3499999046325684;2.390000104904175;2.3399999141693115;2.3499999046325684;2.3499999046325684;31700;0.86;-4.370000000000006;2.3399999141693115;2.390000104904175;2.3499999046325684;0.008583683082144411;-0.00851063052687262;0.1291;2.340999948978424;0.008999955654144465
2022-10-20;2.3499999046325684;2.380000114440918;2.3299999237060547;2.3299999237060547;2.3299999237060547;8000;-0.85;-5.220000000000006;2.3299999237060547;2.380000114440918;2.3499999046325684;-0.00851063052687262;0.012875524623216839;0.132;2.3404999494552614;-0.01050002574920672
2022-10-21;2.359999895095825;2.359999895095825;2.2899999618530273;2.359999895095825;2.359999895095825;58300;1.29;-3.930000000000006;2.2899999618530273;2.359999895095825;2.359999895095825;0.012875524623216839;-0.008474568565903118;0.1388;2.3419999480247498;0.01799994707107544
2022-10-24;2.3399999141693115;2.380000114440918;2.3399999141693115;2.3399999141693115;2.3399999141693115;29700;-0.85;-4.780000000000006;2.3399999141693115;2.380000114440918;2.3399999141693115;-0.008474568565903118;-0.004273500354724069;0.1387;2.343499946594238;-0.00350003242492658
2022-10-25;2.3399999141693115;2.380000114440918;2.3299999237060547;2.3299999237060547;2.3299999237060547;10600;-0.43;-5.210000000000005;2.3299999237060547;2.380000114440918;2.3399999141693115;-0.004273500354724069;0.0;0.1305;2.3459999442100523;-0.016000020503997625
2022-10-26;2.3399999141693115;2.369999885559082;2.3299999237060547;2.3299999237060547;2.3299999237060547;12100;0.0;-5.210000000000005;2.3299999237060547;2.369999885559082;2.3399999141693115;0.0;-0.0042918415410722055;0.1152;2.3464999437332152;-0.016500020027160556
2022-10-27;2.3499999046325684;2.359999895095825;2.319999933242798;2.319999933242798;2.319999933242798;27000;-0.43;-5.640000000000005;2.319999933242798;2.359999895095825;2.3499999046325684;-0.0042918415410722055;0.017241363363798445;0.1152;2.3459999442100523;-0.02600001096725446
2022-10-28;2.3299999237060547;2.380000114440918;2.319999933242798;2.359999895095825;2.359999895095825;46600;1.72;-3.9200000000000053;2.319999933242798;2.380000114440918;2.3299999237060547;0.017241363363798445;0.012711953873680848;0.1295;2.347999942302704;0.01199995279312116
2022-10-31;2.3299999237060547;2.4100000858306885;2.319999933242798;2.390000104904175;2.390000104904175;92100;1.27;-2.6500000000000052;2.319999933242798;2.4100000858306885;2.3299999237060547;0.012711953873680848;-0.0041840962444885665;0.1292;2.349999952316284;0.0400001525878908
2022-11-01;2.369999885559082;2.4100000858306885;2.3499999046325684;2.380000114440918;2.380000114440918;39800;-0.42;-3.070000000000005;2.3499999046325684;2.4100000858306885;2.369999885559082;-0.0041840962444885665;-0.0042017766390675115;0.1271;2.350499963760376;0.029500150680541903
2022-11-03;2.380000114440918;2.4100000858306885;2.3399999141693115;2.369999885559082;2.369999885559082;76600;-0.42;-3.490000000000005;2.3399999141693115;2.4100000858306885;2.380000114440918;-0.0042017766390675115;0.042194155223580276;0.1271;2.349999952316284;0.01999993324279803
2022-11-04;2.359999895095825;2.4700000286102295;2.359999895095825;2.4700000286102295;2.4700000286102295;123500;4.22;0.7299999999999947;2.359999895095825;2.4700000286102295;2.359999895095825;0.042194155223580276;-0.02834005361618719;0.197;2.35449994802475;0.11550008058547956
2022-11-07;2.4200000762939453;2.4600000381469727;2.369999885559082;2.4000000953674316;2.4000000953674316;68500;-2.83;-2.1000000000000054;2.369999885559082;2.4600000381469727;2.4200000762939453;-0.02834005361618719;-0.016666749450892193;0.224;2.3549999475479124;0.04500014781951922
2022-11-08;2.4000000953674316;2.4200000762939453;2.359999895095825;2.359999895095825;2.359999895095825;45600;-1.67;-3.7700000000000053;2.359999895095825;2.4200000762939453;2.4000000953674316;-0.016666749450892193;-0.012711852848854677;0.2301;2.35449994802475;0.005499947071075262
2022-11-09;2.359999895095825;2.369999885559082;2.3299999237060547;2.3299999237060547;2.3299999237060547;72900;-1.27;-5.040000000000005;2.3299999237060547;2.369999885559082;2.359999895095825;-0.012711852848854677;0.0;0.2327;2.353499948978424;-0.023500025272369385
2022-11-10;2.3299999237060547;2.3499999046325684;2.299999952316284;2.3299999237060547;2.3299999237060547;231900;0.0;-5.040000000000005;2.299999952316284;2.3499999046325684;2.3299999237060547;0.0;-0.02145920770536125;0.2306;2.353499948978424;-0.023500025272369385
2022-11-11;2.299999952316284;2.3399999141693115;2.2799999713897705;2.2799999713897705;2.2799999713897705;44200;-2.15;-7.190000000000005;2.2799999713897705;2.3399999141693115;2.299999952316284;-0.02145920770536125;0.02192980392267585;0.2423;2.350499951839447;-0.07049998044967642
2022-11-14;2.2899999618530273;2.3399999141693115;2.2799999713897705;2.3299999237060547;2.3299999237060547;34500;2.19;-5.000000000000005;2.2799999713897705;2.3399999141693115;2.2899999618530273;0.02192980392267585;0.008583683082144411;0.2553;2.350499951839447;-0.020500028133392245
2022-11-16;2.3299999237060547;2.359999895095825;2.299999952316284;2.3499999046325684;2.3499999046325684;168100;0.86;-4.140000000000005;2.299999952316284;2.359999895095825;2.3299999237060547;0.008583683082144411;0.008510630526872509;0.2565;2.3519999504089357;-0.002000045776367365
2022-11-17;2.3499999046325684;2.369999885559082;2.309999942779541;2.369999885559082;2.369999885559082;135700;0.85;-3.290000000000005;2.309999942779541;2.369999885559082;2.3499999046325684;0.008510630526872509;-0.008438810925003759;0.2577;2.353999948501587;0.01599993705749503
2022-11-18;2.3499999046325684;2.4100000858306885;2.3399999141693115;2.3499999046325684;2.3499999046325684;69400;-0.84;-4.130000000000005;2.3399999141693115;2.4100000858306885;2.3499999046325684;-0.008438810925003759;0.0;0.2581;2.353999948501587;-0.0040000438690186435
2022-11-21;2.3399999141693115;2.4200000762939453;2.3399999141693115;2.3499999046325684;2.3499999046325684;92600;0.0;-4.130000000000005;2.3399999141693115;2.4200000762939453;2.3399999141693115;0.0;-0.00851063052687262;0.2561;2.3549999475479124;-0.005000042915344061
2022-11-22;2.390000104904175;2.390000104904175;2.3299999237060547;2.3299999237060547;2.3299999237060547;43400;-0.85;-4.980000000000005;2.3299999237060547;2.390000104904175;2.390000104904175;-0.00851063052687262;0.02145931003093504;0.2537;2.353499948978424;-0.023500025272369385
2022-11-23;2.3299999237060547;2.380000114440918;2.319999933242798;2.380000114440918;2.380000114440918;75800;2.15;-2.830000000000005;2.319999933242798;2.380000114440918;2.3299999237060547;0.02145931003093504;-0.008403453102266312;0.2633;2.3554999589920045;0.024500155448913485
2022-11-24;2.3499999046325684;2.4100000858306885;2.3399999141693115;2.359999895095825;2.359999895095825;113400;-0.84;-3.670000000000005;2.3399999141693115;2.4100000858306885;2.3499999046325684;-0.008403453102266312;-0.008474568565903118;0.2648;2.356999957561493;0.002999937534332364
2022-11-25;2.4000000953674316;2.4000000953674316;2.3399999141693115;2.3399999141693115;2.3399999141693115;29700;-0.85;-4.520000000000005;2.3399999141693115;2.4000000953674316;2.4000000953674316;-0.008474568565903118;-0.008547000709448138;0.2668;2.3574999570846558;-0.01750004291534424
2022-11-28;2.3399999141693115;2.359999895095825;2.319999933242798;2.319999933242798;2.319999933242798;21900;-0.85;-5.3700000000000045;2.319999933242798;2.359999895095825;2.3399999141693115;-0.008547000709448138;-0.017241363363798556;0.2682;2.3574999570846558;-0.03750002384185791
2022-11-29;2.309999942779541;2.309999942779541;2.2799999713897705;2.2799999713897705;2.2799999713897705;18400;-1.72;-7.090000000000004;2.2799999713897705;2.309999942779541;2.309999942779541;-0.017241363363798556;-0.026315764707210976;0.267;2.353499960899353;-0.0734999895095827
2022-11-30;2.2799999713897705;2.299999952316284;2.2200000286102295;2.2200000286102295;2.2200000286102295;44200;-2.63;-9.720000000000004;2.2200000286102295;2.299999952316284;2.2799999713897705;-0.026315764707210976;0.02702700090373522;0.2751;2.3449999570846556;-0.12499992847442609
2022-12-01;2.190000057220459;2.2899999618530273;2.190000057220459;2.2799999713897705;2.2799999713897705;33800;2.7;-7.020000000000004;2.190000057220459;2.2899999618530273;2.190000057220459;0.02702700090373522;0.0;0.2956;2.3399999499320985;-0.05999997854232797
2022-12-02;2.25;2.3299999237060547;2.2300000190734863;2.2799999713897705;2.2799999713897705;75500;0.0;-7.020000000000004;2.2300000190734863;2.3299999237060547;2.25;0.0;0.008771921569070251;0.2956;2.335499954223633;-0.05549998283386248
2022-12-05;2.240000009536743;2.299999952316284;2.240000009536743;2.299999952316284;2.299999952316284;58700;0.88;-6.140000000000004;2.240000009536743;2.299999952316284;2.240000009536743;0.008771921569070251;0.01739128812274293;0.2499;2.3269999504089354;-0.02699999809265119
2022-12-06;2.2899999618530273;2.3399999141693115;2.2799999713897705;2.3399999141693115;2.3399999141693115;104800;1.74;-4.400000000000004;2.2799999713897705;2.3399999141693115;2.2899999618530273;0.01739128812274293;-0.008547000709448138;0.2421;2.3239999413490295;0.015999972820281982
2022-12-07;2.2899999618530273;2.3399999141693115;2.2899999618530273;2.319999933242798;2.319999933242798;18800;-0.85;-5.2500000000000036;2.2899999618530273;2.3399999141693115;2.2899999618530273;-0.008547000709448138;0.0;0.2369;2.3219999432563783;-0.002000010013580411
2022-12-08;2.319999933242798;2.3399999141693115;2.319999933242798;2.319999933242798;2.319999933242798;19200;0.0;-5.2500000000000036;2.319999933242798;2.3399999141693115;2.319999933242798;0.0;0.012931022522848945;0.2326;2.3214999437332153;-0.0015000104904174805
2022-12-09;2.2899999618530273;2.3499999046325684;2.2899999618530273;2.3499999046325684;2.3499999046325684;8700;1.29;-3.9600000000000035;2.2899999618530273;2.3499999046325684;2.2899999618530273;0.012931022522848945;-0.02553189158061786;0.2372;2.322499942779541;0.027499961853027166
2022-12-12;2.319999933242798;2.3499999046325684;2.2899999618530273;2.2899999618530273;2.2899999618530273;9600;-2.55;-6.510000000000003;2.2899999618530273;2.3499999046325684;2.319999933242798;-0.02553189158061786;0.01746723254120064;0.2426;2.3229999423027037;-0.032999980449676336
2022-12-13;2.3499999046325684;2.369999885559082;2.319999933242798;2.3299999237060547;2.3299999237060547;34400;1.75;-4.760000000000003;2.319999933242798;2.369999885559082;2.3499999046325684;0.01746723254120064;0.0042918415410722055;0.2378;2.3229999423027037;0.006999981403351008
2022-12-14;2.3299999237060547;2.3399999141693115;2.3299999237060547;2.3399999141693115;2.3399999141693115;9700;0.43;-4.330000000000004;2.3299999237060547;2.3399999141693115;2.3299999237060547;0.0042918415410722055;-0.004273500354724069;0.2362;2.322499942779541;0.01749997138977033
2022-12-15;2.3299999237060547;2.3399999141693115;2.3299999237060547;2.3299999237060547;2.3299999237060547;6900;-0.43;-4.760000000000003;2.3299999237060547;2.3399999141693115;2.3299999237060547;-0.004273500354724069;0.0;0.2344;2.3204999446868895;0.009499979019165217
2022-12-16;2.3299999237060547;2.3299999237060547;2.3299999237060547;2.3299999237060547;2.3299999237060547;3900;0.0;-4.760000000000003;2.3299999237060547;2.3299999237060547;2.3299999237060547;0.0;0.0;0.2326;2.319499945640564;0.010499978065490634
2022-12-19;2.3399999141693115;2.440000057220459;2.3299999237060547;2.3299999237060547;2.3299999237060547;150800;0.0;-4.760000000000003;2.3299999237060547;2.440000057220459;2.3399999141693115;0.0;0.008583683082144411;0.2326;2.318499946594238;0.011499977111816495
2022-12-20;2.3299999237060547;2.359999895095825;2.3299999237060547;2.3499999046325684;2.3499999046325684;39200;0.86;-3.9000000000000035;2.3299999237060547;2.359999895095825;2.3299999237060547;0.008583683082144411;0.004255315263436366;0.2326;2.319499945640564;0.030499958992004306
2022-12-21;2.359999895095825;2.359999895095825;2.3299999237060547;2.359999895095825;2.359999895095825;30700;0.43;-3.4700000000000033;2.3299999237060547;2.359999895095825;2.359999895095825;0.004255315263436366;0.0;0.2197;2.3184999346733095;0.04149996042251569
2022-12-22;2.3399999141693115;2.4000000953674316;2.3399999141693115;2.359999895095825;2.359999895095825;89900;0.0;-3.4700000000000033;2.3399999141693115;2.4000000953674316;2.3399999141693115;0.0;-0.004237284282951559;0.2176;2.3184999346733095;0.04149996042251569
2022-12-23;2.3499999046325684;2.369999885559082;2.3499999046325684;2.3499999046325684;2.3499999046325684;5100;-0.42;-3.8900000000000032;2.3499999046325684;2.369999885559082;2.3499999046325684;-0.004237284282951559;0.0;0.2159;2.318999934196472;0.03099997043609637
2022-12-26;2.3499999046325684;2.359999895095825;2.3499999046325684;2.3499999046325684;2.3499999046325684;6700;0.0;-3.8900000000000032;2.3499999046325684;2.359999895095825;2.3499999046325684;0.0;0.008510630526872509;0.2134;2.320499932765961;0.029499971866607577
2022-12-27;2.3499999046325684;2.369999885559082;2.3499999046325684;2.369999885559082;2.369999885559082;21600;0.85;-3.040000000000003;2.3499999046325684;2.369999885559082;2.3499999046325684;0.008510630526872509;0.012658316986067009;0.204;2.3249999284744263;0.04499995708465576
2022-12-28;2.3499999046325684;2.4000000953674316;2.3499999046325684;2.4000000953674316;2.4000000953674316;18500;1.27;-1.7700000000000031;2.3499999046325684;2.4000000953674316;2.3499999046325684;0.012658316986067009;0.0;0.1774;2.3339999318122864;0.06600016355514526
2022-12-29;2.4000000953674316;2.4000000953674316;2.4000000953674316;2.4000000953674316;2.4000000953674316;0;0.0;-1.7700000000000031;2.4000000953674316;2.4000000953674316;2.4000000953674316;0.0;0.0;0.1553;2.3399999380111693;0.060000157356262296
2023-01-02;2.4000000953674316;2.4000000953674316;2.4000000953674316;2.4000000953674316;2.4000000953674316;0;0.0;-1.7700000000000031;2.4000000953674316;2.4000000953674316;2.4000000953674316;0.0;0.0;0.1553;2.3459999442100523;0.05400015115737933
2023-01-03;2.4000000953674316;2.4000000953674316;2.4000000953674316;2.4000000953674316;2.4000000953674316;0;0.0;-1.7700000000000031;2.4000000953674316;2.4000000953674316;2.4000000953674316;0.0;0.0;0.1538;2.35099995136261;0.04900014400482178
2023-01-04;2.4000000953674316;2.4000000953674316;2.4000000953674316;2.4000000953674316;2.4000000953674316;0;0.0;-1.7700000000000031;2.4000000953674316;2.4000000953674316;2.4000000953674316;0.0;0.0;0.143;2.3539999604225157;0.04600013494491595
2023-01-05;2.4000000953674316;2.4000000953674316;2.4000000953674316;2.4000000953674316;2.4000000953674316;0;0.0;-1.7700000000000031;2.4000000953674316;2.4000000953674316;2.4000000953674316;0.0;0.0;0.1384;2.3579999685287474;0.04200012683868426
2023-01-06;2.4000000953674316;2.4000000953674316;2.4000000953674316;2.4000000953674316;2.4000000953674316;0;0.0;-1.7700000000000031;2.4000000953674316;2.4000000953674316;2.4000000953674316;0.0;0.0;0.1384;2.361999976634979;0.03800011873245257
2023-01-09;2.4000000953674316;2.4000000953674316;2.4000000953674316;2.4000000953674316;2.4000000953674316;0;0.0;-1.7700000000000031;2.4000000953674316;2.4000000953674316;2.4000000953674316;0.0;0.0;0.1319;2.3644999861717224;0.03550010919570923
2023-01-10;2.4000000953674316;2.4000000953674316;2.4000000953674316;2.4000000953674316;2.4000000953674316;0;0.0;-1.7700000000000031;2.4000000953674316;2.4000000953674316;2.4000000953674316;0.0;0.0;0.0871;2.3699999928474424;0.03000010251998919
2023-01-11;2.4000000953674316;2.4000000953674316;2.4000000953674316;2.4000000953674316;2.4000000953674316;0;0.0;-1.7700000000000031;2.4000000953674316;2.4000000953674316;2.4000000953674316;0.0;0.0;0.0666;2.3735000014305117;0.02650009393691999
2023-01-12;2.4000000953674316;2.4000000953674316;2.4000000953674316;2.4000000953674316;2.4000000953674316;0;0.0;-1.7700000000000031;2.4000000953674316;2.4000000953674316;2.4000000953674316;0.0;0.0;0.066;2.3765000104904175;0.02350008487701416
2023-01-13;2.4000000953674316;2.4000000953674316;2.4000000953674316;2.4000000953674316;2.4000000953674316;0;0.0;-1.7700000000000031;2.4000000953674316;2.4000000953674316;2.4000000953674316;0.0;0.0;0.0629;2.3800000190734862;0.0200000762939454
2023-01-16;2.4000000953674316;2.4000000953674316;2.4000000953674316;2.4000000953674316;2.4000000953674316;0;0.0;-1.7700000000000031;2.4000000953674316;2.4000000953674316;2.4000000953674316;0.0;0.0;0.0629;2.383500027656555;0.016500067710876642
2023-01-17;2.4000000953674316;2.4000000953674316;2.4000000953674316;2.4000000953674316;2.4000000953674316;0;0.0;-1.7700000000000031;2.4000000953674316;2.4000000953674316;2.4000000953674316;0.0;0.0;0.0629;2.387000036239624;0.01300005912780744
2023-01-18;2.4000000953674316;2.4000000953674316;2.4000000953674316;2.4000000953674316;2.4000000953674316;0;0.0;-1.7700000000000031;2.4000000953674316;2.4000000953674316;2.4000000953674316;0.0;0.0;0.0572;2.389500045776367;0.010500049591064542
2023-01-19;2.4000000953674316;2.4000000953674316;2.4000000953674316;2.4000000953674316;2.4000000953674316;0;0.0;-1.7700000000000031;2.4000000953674316;2.4000000953674316;2.4000000953674316;0.0;0.0;0.056;2.3915000557899475;0.00850003957748413
2023-01-20;2.4000000953674316;2.4000000953674316;2.4000000953674316;2.4000000953674316;2.4000000953674316;0;0.0;-1.7700000000000031;2.4000000953674316;2.4000000953674316;2.4000000953674316;0.0;0.0;0.056;2.393500065803528;0.00650002956390372
2023-01-23;2.4000000953674316;2.4000000953674316;2.4000000953674316;2.4000000953674316;2.4000000953674316;0;0.0;-1.7700000000000031;2.4000000953674316;2.4000000953674316;2.4000000953674316;0.0;0.0;0.0528;2.396000075340271;0.004000020027160822
2023-01-24;2.4000000953674316;2.4000000953674316;2.4000000953674316;2.4000000953674316;2.4000000953674316;0;0.0;-1.7700000000000031;2.4000000953674316;2.4000000953674316;2.4000000953674316;0.0;0.0;0.0528;2.398500084877014;0.0015000104904174805
2023-01-25;2.4000000953674316;2.4000000953674316;2.4000000953674316;2.4000000953674316;2.4000000953674316;0;0.0;-1.7700000000000031;2.4000000953674316;2.4000000953674316;2.4000000953674316;0.0;0.0;0.0449;2.4000000953674316;0.0
2023-01-26;2.4000000953674316;2.4000000953674316;2.4000000953674316;2.4000000953674316;2.4000000953674316;0;0.0;-1.7700000000000031;2.4000000953674316;2.4000000953674316;2.4000000953674316;0.0;0.0;0.0;2.4000000953674316;0.0
2023-01-27;2.4000000953674316;2.4000000953674316;2.4000000953674316;2.4000000953674316;2.4000000953674316;0;0.0;-1.7700000000000031;2.4000000953674316;2.4000000953674316;2.4000000953674316;0.0;0.0;0.0;2.4000000953674316;0.0
2023-01-30;2.4000000953674316;2.4000000953674316;2.4000000953674316;2.4000000953674316;2.4000000953674316;0;0.0;-1.7700000000000031;2.4000000953674316;2.4000000953674316;2.4000000953674316;0.0;0.0;0.0;2.4000000953674316;0.0
2023-01-31;2.4000000953674316;2.4000000953674316;2.4000000953674316;2.4000000953674316;2.4000000953674316;0;0.0;-1.7700000000000031;2.4000000953674316;2.4000000953674316;2.4000000953674316;0.0;0.0;0.0;2.4000000953674316;0.0
2023-02-01;2.4000000953674316;2.4000000953674316;2.4000000953674316;2.4000000953674316;2.4000000953674316;0;0.0;-1.7700000000000031;2.4000000953674316;2.4000000953674316;2.4000000953674316;0.0;0.0;0.0;2.4000000953674316;0.0
2023-02-02;2.4000000953674316;2.4000000953674316;2.4000000953674316;2.4000000953674316;2.4000000953674316;0;0.0;-1.7700000000000031;2.4000000953674316;2.4000000953674316;2.4000000953674316;0.0;0.0;0.0;2.4000000953674316;0.0
2023-02-03;2.4000000953674316;2.4000000953674316;2.4000000953674316;2.4000000953674316;2.4000000953674316;0;0.0;-1.7700000000000031;2.4000000953674316;2.4000000953674316;2.4000000953674316;0.0;0.0;0.0;2.4000000953674316;0.0
2023-02-06;2.4000000953674316;2.4000000953674316;2.4000000953674316;2.4000000953674316;2.4000000953674316;0;0.0;-1.7700000000000031;2.4000000953674316;2.4000000953674316;2.4000000953674316;0.0;0.0;0.0;2.4000000953674316;0.0
2023-02-07;2.4000000953674316;2.4000000953674316;2.4000000953674316;2.4000000953674316;2.4000000953674316;0;0.0;-1.7700000000000031;2.4000000953674316;2.4000000953674316;2.4000000953674316;0.0;0.0;0.0;2.4000000953674316;0.0
2023-02-08;2.4000000953674316;2.4000000953674316;2.4000000953674316;2.4000000953674316;2.4000000953674316;0;0.0;-1.7700000000000031;2.4000000953674316;2.4000000953674316;2.4000000953674316;0.0;0.0;0.0;2.4000000953674316;0.0
2023-02-09;2.4000000953674316;2.4000000953674316;2.4000000953674316;2.4000000953674316;2.4000000953674316;0;0.0;-1.7700000000000031;2.4000000953674316;2.4000000953674316;2.4000000953674316;0.0;0.0;0.0;2.4000000953674316;0.0
2023-02-10;2.4000000953674316;2.4000000953674316;2.4000000953674316;2.4000000953674316;2.4000000953674316;0;0.0;-1.7700000000000031;2.4000000953674316;2.4000000953674316;2.4000000953674316;0.0;0.0;0.0;2.4000000953674316;0.0
2023-02-13;2.4000000953674316;2.4000000953674316;2.4000000953674316;2.4000000953674316;2.4000000953674316;0;0.0;-1.7700000000000031;2.4000000953674316;2.4000000953674316;2.4000000953674316;0.0;0.0;0.0;2.4000000953674316;0.0
2023-02-14;2.4000000953674316;2.4000000953674316;2.4000000953674316;2.4000000953674316;2.4000000953674316;0;0.0;-1.7700000000000031;2.4000000953674316;2.4000000953674316;2.4000000953674316;0.0;0.0;0.0;2.4000000953674316;0.0
2023-02-15;2.4000000953674316;2.4000000953674316;2.4000000953674316;2.4000000953674316;2.4000000953674316;0;0.0;-1.7700000000000031;2.4000000953674316;2.4000000953674316;2.4000000953674316;0.0;0.0;0.0;2.4000000953674316;0.0
2023-02-16;2.4000000953674316;2.4000000953674316;2.4000000953674316;2.4000000953674316;2.4000000953674316;0;0.0;-1.7700000000000031;2.4000000953674316;2.4000000953674316;2.4000000953674316;0.0;0.0;0.0;2.4000000953674316;0.0
2023-02-17;2.4000000953674316;2.4000000953674316;2.4000000953674316;2.4000000953674316;2.4000000953674316;0;0.0;-1.7700000000000031;2.4000000953674316;2.4000000953674316;2.4000000953674316;0.0;0.0;0.0;2.4000000953674316;0.0
2023-02-22;2.4000000953674316;2.4000000953674316;2.4000000953674316;2.4000000953674316;2.4000000953674316;0;0.0;-1.7700000000000031;2.4000000953674316;2.4000000953674316;2.4000000953674316;0.0;0.0;0.0;2.4000000953674316;0.0
2023-02-23;2.4000000953674316;2.4000000953674316;2.4000000953674316;2.4000000953674316;2.4000000953674316;0;0.0;-1.7700000000000031;2.4000000953674316;2.4000000953674316;2.4000000953674316;0.0;0.0;0.0;2.4000000953674316;0.0
2023-02-24;2.4000000953674316;2.4000000953674316;2.4000000953674316;2.4000000953674316;2.4000000953674316;0;0.0;-1.7700000000000031;2.4000000953674316;2.4000000953674316;2.4000000953674316;0.0;0.0;0.0;2.4000000953674316;0.0
2023-02-27;2.4000000953674316;2.4000000953674316;2.4000000953674316;2.4000000953674316;2.4000000953674316;0;0.0;-1.7700000000000031;2.4000000953674316;2.4000000953674316;2.4000000953674316;0.0;0.0;0.0;2.4000000953674316;0.0
2023-02-28;2.4000000953674316;2.4000000953674316;2.4000000953674316;2.4000000953674316;2.4000000953674316;0;0.0;-1.7700000000000031;2.4000000953674316;2.4000000953674316;2.4000000953674316;0.0;0.0;0.0;2.4000000953674316;0.0
2023-03-01;2.4000000953674316;2.4000000953674316;2.4000000953674316;2.4000000953674316;2.4000000953674316;0;0.0;-1.7700000000000031;2.4000000953674316;2.4000000953674316;2.4000000953674316;0.0;;0.0;2.4000000953674316;0.0
