Date;Open;High;Low;Close;Adj Close;Volume
2021-02-08;9.600000381469727;9.989999771118164;8.760000228881836;9.039999961853027;8.555580139160156;14090600
2021-02-09;9.100000381469727;9.289999961853027;8.5600004196167;8.699999809265137;8.233799934387207;4950300
2021-02-10;8.609999656677246;8.630000114440918;8.319999694824219;8.5;8.044516563415527;3204900
2021-02-11;8.5;8.600000381469727;8.300000190734863;8.399999618530273;7.949875354766846;1646600
2021-02-12;8.420000076293945;8.449999809265137;8.199999809265137;8.390000343322754;7.940411567687988;1634800
2021-02-17;8.600000381469727;9.180000305175781;8.399999618530273;8.699999809265137;8.233799934387207;1173800
2021-02-18;8.850000381469727;8.970000267028809;8.510000228881836;8.899999618530273;8.42308235168457;656500
2021-02-19;8.739999771118164;8.989999771118164;8.720000267028809;8.850000381469727;8.375762939453125;534000
2021-02-22;8.699999809265137;8.699999809265137;8.399999618530273;8.470000267028809;8.016124725341797;1207200
2021-02-23;8.510000228881836;8.8100004196167;8.329999923706055;8.649999618530273;8.186478614807129;1423700
2021-02-24;8.649999618530273;8.789999961853027;8.449999809265137;8.59000015258789;8.129693984985352;528800
2021-02-25;8.729999542236328;8.789999961853027;8.460000038146973;8.569999694824219;8.110766410827637;645700
2021-02-26;8.460000038146973;8.5600004196167;8.220000267028809;8.300000190734863;7.855234622955322;2550500
2021-03-01;8.609999656677246;8.680000305175781;8.220000267028809;8.220000267028809;7.779521942138672;834200
2021-03-02;8.239999771118164;8.5;8.199999809265137;8.300000190734863;7.855234622955322;735100
2021-03-03;8.3100004196167;8.5;8.050000190734863;8.319999694824219;7.874162673950195;3376800
2021-03-04;8.390000343322754;8.479999542236328;8.210000038146973;8.300000190734863;7.855234622955322;429800
2021-03-05;8.4399995803833;8.4399995803833;8.25;8.300000190734863;7.855234622955322;587900
2021-03-08;8.279999732971191;8.289999961853027;7.920000076293945;8.100000381469727;7.665952682495117;1076800
2021-03-09;7.929999828338623;8.140000343322754;7.929999828338623;8.020000457763672;7.590238571166992;922200
2021-03-10;8.130000114440918;8.300000190734863;7.880000114440918;8.300000190734863;7.855234622955322;1090500
2021-03-11;8.300000190734863;8.460000038146973;7.710000038146973;7.929999828338623;7.505061149597168;1421300
2021-03-12;8.0;8.050000190734863;7.699999809265137;7.699999809265137;7.2873854637146;498500
2021-03-15;7.699999809265137;7.840000152587891;7.699999809265137;7.730000019073486;7.315778732299805;275400
2021-03-16;7.75;7.800000190734863;7.53000020980835;7.610000133514404;7.202208995819092;776500
2021-03-17;7.46999979019165;7.829999923706055;7.369999885559082;7.75;7.334706783294678;1004600
2021-03-18;7.730000019073486;7.800000190734863;7.349999904632568;7.400000095367432;7.003462314605713;769000
2021-03-19;7.53000020980835;7.96999979019165;7.349999904632568;7.710000038146973;7.296850681304932;681600
2021-03-22;7.900000095367432;8.319999694824219;7.900000095367432;8.319999694824219;7.874162673950195;1386700
2021-03-23;8.34000015258789;8.850000381469727;8.34000015258789;8.609999656677246;8.148622512817383;1445900
2021-03-24;8.609999656677246;8.699999809265137;8.25;8.350000381469727;7.9025559425354;989900
2021-03-25;8.390000343322754;8.460000038146973;8.069999694824219;8.15999984741211;7.72273588180542;869900
2021-03-26;8.180000305175781;8.260000228881836;7.940000057220459;8.050000190734863;7.618631362915039;685500
2021-03-29;7.940000057220459;8.039999961853027;7.829999923706055;7.840000152587891;7.419884204864502;569400
2021-03-30;7.889999866485596;7.96999979019165;7.800000190734863;7.96999979019165;7.542917251586914;697600
2021-03-31;7.880000114440918;7.96999979019165;7.579999923706055;7.860000133514404;7.438812255859375;302100
2021-04-01;7.880000114440918;8.039999961853027;7.769999980926514;8.039999961853027;7.609166622161865;896200
2021-04-05;8.0;8.149999618530273;7.849999904632568;7.849999904632568;7.429348468780518;406600
2021-04-06;7.949999809265137;8.100000381469727;7.789999961853027;7.829999923706055;7.4104204177856445;616500
2021-04-07;7.880000114440918;8.489999771118164;7.869999885559082;8.029999732971191;7.599702835083008;1270600
2021-04-08;8.100000381469727;8.140000343322754;7.949999809265137;7.949999809265137;7.523989677429199;229000
2021-04-09;7.960000038146973;8.079999923706055;7.960000038146973;8.010000228881836;7.580774784088135;192000
2021-04-12;8.010000228881836;8.319999694824219;8.010000228881836;8.100000381469727;7.665952682495117;367800
2021-04-13;8.100000381469727;8.279999732971191;8.079999923706055;8.100000381469727;7.665952682495117;299700
2021-04-14;8.140000343322754;8.3100004196167;8.079999923706055;8.180000305175781;7.741665363311768;400000
2021-04-15;8.25;8.390000343322754;8.100000381469727;8.140000343322754;7.703808784484863;680300
2021-04-16;8.15999984741211;8.300000190734863;8.149999618530273;8.220000267028809;7.779521942138672;283100
2021-04-19;8.25;8.289999961853027;8.109999656677246;8.270000457763672;7.826842308044434;241500
2021-04-20;8.270000457763672;8.600000381469727;8.220000267028809;8.399999618530273;7.949875354766846;1152700
2021-04-22;8.5;8.600000381469727;8.420000076293945;8.479999542236328;8.025588035583496;685700
2021-04-23;8.5;9.0;8.5;8.970000267028809;8.48933219909668;1442400
2021-04-26;8.9399995803833;9.0;8.5600004196167;8.779999732971191;8.309513092041016;880900
2021-04-27;8.850000381469727;9.279999732971191;8.779999732971191;8.779999732971191;8.309513092041016;1052400
2021-04-28;8.779999732971191;9.140000343322754;8.399999618530273;8.819999694824219;8.347369194030762;682200
2021-04-29;8.890000343322754;8.960000038146973;8.609999656677246;8.850000381469727;8.375762939453125;296100
2021-04-30;8.869999885559082;8.979999542236328;8.699999809265137;8.850000381469727;8.375762939453125;303300
2021-05-03;8.859999656677246;8.949999809265137;8.800000190734863;8.899999618530273;8.42308235168457;576300
2021-05-04;8.899999618530273;9.079999923706055;8.619999885559082;8.739999771118164;8.271656036376953;472700
2021-05-05;8.899999618530273;9.079999923706055;8.739999771118164;8.949999809265137;8.470403671264648;838300
2021-05-06;8.989999771118164;9.050000190734863;8.739999771118164;8.850000381469727;8.375762939453125;471600
2021-05-07;8.899999618530273;9.09000015258789;8.800000190734863;8.800000190734863;8.328441619873047;1514100
2021-05-10;8.829999923706055;9.050000190734863;8.829999923706055;8.979999542236328;8.498794555664062;3329000
2021-05-11;8.949999809265137;9.149999618530273;8.800000190734863;8.979999542236328;8.498794555664062;695300
2021-05-12;8.979999542236328;9.100000381469727;8.899999618530273;9.050000190734863;8.565045356750488;1048000
2021-05-13;9.010000228881836;9.0600004196167;8.800000190734863;8.859999656677246;8.385226249694824;489900
2021-05-14;8.90999984741211;9.0;8.75;8.779999732971191;8.309513092041016;452300
2021-05-17;8.9399995803833;8.949999809265137;8.760000228881836;8.930000305175781;8.451475143432617;247200
2021-05-18;8.960000038146973;9.039999961853027;8.760000228881836;8.949999809265137;8.470403671264648;288000
2021-05-19;8.899999618530273;9.140000343322754;8.510000228881836;8.800000190734863;8.328441619873047;1035400
2021-05-20;8.8100004196167;8.899999618530273;8.729999542236328;8.850000381469727;8.375762939453125;676300
2021-05-21;8.899999618530273;9.0;8.739999771118164;8.739999771118164;8.271656036376953;554600
2021-05-24;8.789999961853027;8.9399995803833;8.470000267028809;8.739999771118164;8.271656036376953;732800
2021-05-25;8.720000267028809;8.850000381469727;8.640000343322754;8.850000381469727;8.375762939453125;403900
2021-05-26;8.869999885559082;8.880000114440918;8.65999984741211;8.670000076293945;8.205408096313477;460900
2021-05-27;8.75;8.989999771118164;8.649999618530273;8.760000228881836;8.2905855178833;495400
2021-05-28;8.84000015258789;8.859999656677246;8.760000228881836;8.779999732971191;8.309513092041016;234100
2021-05-31;8.850000381469727;8.859999656677246;8.75;8.84000015258789;8.366297721862793;260400
2021-06-01;8.829999923706055;9.100000381469727;8.800000190734863;9.0;8.517724990844727;653800
2021-06-02;9.0600004196167;9.079999923706055;8.899999618530273;8.899999618530273;8.42308235168457;1911300
2021-06-04;8.930000305175781;9.069999694824219;8.890000343322754;8.930000305175781;8.451475143432617;561200
2021-06-07;8.930000305175781;9.399999618530273;8.930000305175781;9.300000190734863;8.80164909362793;1184800
2021-06-08;9.3100004196167;9.489999771118164;8.949999809265137;9.199999809265137;8.707006454467773;1008800
2021-06-09;9.25;9.670000076293945;9.180000305175781;9.5600004196167;9.04771614074707;1111500
2021-06-10;9.649999618530273;9.850000381469727;9.579999923706055;9.59000015258789;9.076108932495117;1622200
2021-06-11;9.550000190734863;9.630000114440918;9.40999984741211;9.600000381469727;9.085572242736816;359700
2021-06-14;9.649999618530273;9.75;9.3100004196167;9.3100004196167;8.811112403869629;788500
2021-06-15;9.319999694824219;9.460000038146973;9.319999694824219;9.390000343322754;8.886825561523438;739600
2021-06-16;9.359999656677246;9.5;9.1899995803833;9.420000076293945;8.915217399597168;575200
2021-06-17;9.380000114440918;9.380000114440918;9.220000267028809;9.300000190734863;8.80164909362793;561000
2021-06-18;9.3100004196167;9.34000015258789;9.199999809265137;9.199999809265137;8.707006454467773;274200
2021-06-21;9.260000228881836;9.300000190734863;9.039999961853027;9.289999961853027;8.792183876037598;501800
2021-06-22;9.34000015258789;9.399999618530273;9.180000305175781;9.279999732971191;8.782719612121582;426800
2021-06-23;9.279999732971191;9.479999542236328;9.210000038146973;9.380000114440918;8.877361297607422;860500
2021-06-24;9.550000190734863;9.800000190734863;9.390000343322754;9.729999542236328;9.208605766296387;1754700
2021-06-25;9.829999923706055;10.149999618530273;9.819999694824219;10.140000343322754;9.596635818481445;2288300
2021-06-28;10.079999923706055;10.430000305175781;9.8100004196167;10.1899995803833;9.643956184387207;907900
2021-06-29;10.300000190734863;10.520000457763672;10.09000015258789;10.369999885559082;9.814311027526855;1178200
2021-06-30;10.300000190734863;10.789999961853027;10.0600004196167;10.1899995803833;9.643956184387207;1498400
2021-07-01;10.180000305175781;10.369999885559082;10.0;10.210000038146973;9.662884712219238;814300
2021-07-02;10.220000267028809;10.920000076293945;10.220000267028809;10.800000190734863;10.221269607543945;616800
2021-07-05;10.779999732971191;10.890000343322754;10.550000190734863;10.789999961853027;10.211804389953613;1429100
2021-07-06;10.720000267028809;10.890000343322754;10.59000015258789;10.800000190734863;10.221269607543945;1641200
2021-07-07;10.699999809265137;10.890000343322754;10.350000381469727;10.460000038146973;9.899487495422363;1015300
2021-07-08;10.359999656677246;10.479999542236328;10.15999984741211;10.199999809265137;9.653420448303223;1078200
2021-07-12;10.289999961853027;10.710000038146973;10.25;10.399999618530273;9.842703819274902;721700
2021-07-13;10.359999656677246;10.489999771118164;10.199999809265137;10.460000038146973;9.899487495422363;960000
2021-07-14;10.5;10.5;9.9399995803833;10.15999984741211;9.615564346313477;914500
2021-07-15;10.130000114440918;10.5;10.010000228881836;10.010000228881836;9.473602294921875;658800
2021-07-16;10.0;10.079999923706055;9.770000457763672;9.9399995803833;9.407353401184082;1218600
2021-07-19;9.8100004196167;10.119999885559082;9.779999732971191;9.920000076293945;9.388423919677734;507900
2021-07-20;9.9399995803833;10.109999656677246;9.84000015258789;10.109999656677246;9.568243026733398;470400
2021-07-21;10.09000015258789;10.289999961853027;9.800000190734863;9.979999542236328;9.445208549499512;669100
2021-07-22;9.989999771118164;10.0;9.850000381469727;10.0;9.46413803100586;352200
2021-07-23;10.039999961853027;10.199999809265137;9.899999618530273;10.020000457763672;9.48306655883789;1667800
2021-07-26;10.050000190734863;10.180000305175781;9.859999656677246;10.0;9.46413803100586;524600
2021-07-27;9.920000076293945;10.1899995803833;9.869999885559082;10.1899995803833;9.643956184387207;657200
2021-07-28;10.100000381469727;10.210000038146973;9.779999732971191;10.069999694824219;9.661895751953125;535400
2021-07-29;10.069999694824219;10.149999618530273;10.0;10.0;9.594732284545898;337200
2021-07-30;9.930000305175781;10.100000381469727;9.829999923706055;9.979999542236328;9.575542449951172;296700
2021-08-02;9.979999542236328;10.039999961853027;9.880000114440918;9.989999771118164;9.585137367248535;456700
2021-08-03;10.0;10.550000190734863;9.670000076293945;10.329999923706055;9.911357879638672;952900
2021-08-04;10.329999923706055;10.390000343322754;10.010000228881836;10.010000228881836;9.604327201843262;522400
2021-08-05;10.119999885559082;10.119999885559082;9.8100004196167;9.890000343322754;9.489191055297852;320900
2021-08-06;9.819999694824219;10.050000190734863;9.329999923706055;9.899999618530273;9.498784065246582;630500
2021-08-09;9.899999618530273;9.930000305175781;9.710000038146973;9.770000457763672;9.374054908752441;1736800
2021-08-10;9.850000381469727;9.850000381469727;9.59000015258789;9.779999732971191;9.383647918701172;426800
2021-08-11;9.779999732971191;10.029999732971191;9.779999732971191;9.899999618530273;9.498784065246582;437000
2021-08-12;9.899999618530273;10.0;9.789999961853027;9.800000190734863;9.402838706970215;402700
2021-08-13;9.8100004196167;9.880000114440918;9.529999732971191;9.600000381469727;9.210943222045898;1250900
2021-08-16;9.600000381469727;9.600000381469727;8.720000267028809;8.979999542236328;8.616069793701172;1120100
2021-08-17;9.100000381469727;9.380000114440918;8.079999923706055;8.649999618530273;8.299443244934082;2899500
2021-08-18;8.6899995803833;8.850000381469727;8.420000076293945;8.75;8.395390510559082;874400
2021-08-19;8.460000038146973;9.25;8.460000038146973;8.949999809265137;8.587285041809082;694400
2021-08-20;8.920000076293945;9.149999618530273;8.720000267028809;8.859999656677246;8.500932693481445;570600
2021-08-23;8.920000076293945;9.300000190734863;8.920000076293945;9.239999771118164;8.865532875061035;621600
2021-08-24;9.260000228881836;9.5;9.180000305175781;9.300000190734863;8.923101425170898;513200
2021-08-25;9.350000381469727;9.699999809265137;9.260000228881836;9.520000457763672;9.134185791015625;638600
2021-08-26;9.520000457763672;9.699999809265137;9.34000015258789;9.569999694824219;9.182158470153809;619300
2021-08-27;9.520000457763672;9.569999694824219;9.3100004196167;9.3100004196167;8.932696342468262;570600
2021-08-30;9.350000381469727;9.479999542236328;9.199999809265137;9.350000381469727;8.971075057983398;264900
2021-08-31;9.260000228881836;9.40999984741211;8.949999809265137;9.100000381469727;8.731207847595215;784300
2021-09-01;9.09000015258789;9.59000015258789;8.979999542236328;9.449999809265137;9.067022323608398;820100
2021-09-02;9.4399995803833;9.800000190734863;9.239999771118164;9.59000015258789;9.201349258422852;1690600
2021-09-03;9.640000343322754;10.260000228881836;9.579999923706055;10.09000015258789;9.681084632873535;1899400
2021-09-06;10.1899995803833;10.199999809265137;9.920000076293945;9.920000076293945;9.517974853515625;357900
2021-09-08;9.899999618530273;10.109999656677246;9.260000228881836;9.350000381469727;8.971075057983398;690400
2021-09-09;9.390000343322754;9.989999771118164;9.199999809265137;9.920000076293945;9.517974853515625;897100
2021-09-10;9.9399995803833;9.949999809265137;9.609999656677246;9.609999656677246;9.220538139343262;289900
2021-09-13;9.619999885559082;9.949999809265137;9.619999885559082;9.90999984741211;9.508379936218262;273800
2021-09-14;9.90999984741211;10.020000457763672;9.710000038146973;9.850000381469727;9.450812339782715;324700
2021-09-15;9.850000381469727;10.050000190734863;9.75;9.890000343322754;9.489191055297852;747900
2021-09-16;9.880000114440918;10.25;9.699999809265137;10.100000381469727;9.690680503845215;1067800
2021-09-17;10.100000381469727;10.100000381469727;9.770000457763672;9.970000267028809;9.565948486328125;338500
2021-09-20;9.829999923706055;9.829999923706055;9.010000228881836;9.350000381469727;8.971075057983398;993200
2021-09-21;9.350000381469727;9.510000228881836;9.260000228881836;9.350000381469727;8.971075057983398;218200
2021-09-22;9.539999961853027;9.600000381469727;9.329999923706055;9.600000381469727;9.210943222045898;225100
2021-09-23;9.630000114440918;9.75;9.4399995803833;9.5;9.114995956420898;303800
2021-09-24;9.449999809265137;9.75;9.350000381469727;9.670000076293945;9.278106689453125;481500
2021-09-27;9.680000305175781;9.819999694824219;9.59000015258789;9.710000038146973;9.316485404968262;206000
2021-09-28;9.529999732971191;9.800000190734863;9.100000381469727;9.34000015258789;8.961480140686035;593500
2021-09-29;9.319999694824219;9.4399995803833;9.149999618530273;9.25;8.875127792358398;256900
2021-09-30;9.210000038146973;9.399999618530273;8.899999618530273;9.399999618530273;9.019048690795898;1228200
2021-10-01;9.399999618530273;9.75;9.289999961853027;9.600000381469727;9.210943222045898;550800
2021-10-04;9.600000381469727;9.6899995803833;9.430000305175781;9.670000076293945;9.278106689453125;262400
2021-10-05;9.640000343322754;9.90999984741211;9.510000228881836;9.75;9.354864120483398;632200
2021-10-06;9.619999885559082;9.6899995803833;9.460000038146973;9.600000381469727;9.210943222045898;168200
2021-10-07;9.600000381469727;9.649999618530273;9.40999984741211;9.5;9.114995956420898;405500
2021-10-08;9.670000076293945;9.789999961853027;9.380000114440918;9.600000381469727;9.210943222045898;385500
2021-10-11;9.609999656677246;10.140000343322754;9.550000190734863;10.0;9.594732284545898;1679700
2021-10-13;9.960000038146973;10.09000015258789;9.8100004196167;10.0;9.594732284545898;731000
2021-10-14;10.029999732971191;10.199999809265137;9.970000267028809;10.100000381469727;9.690680503845215;519800
2021-10-15;10.1899995803833;10.239999771118164;9.890000343322754;10.0;9.594732284545898;1156300
2021-10-18;9.960000038146973;10.170000076293945;9.850000381469727;10.09000015258789;9.681084632873535;524200
2021-10-19;10.020000457763672;10.020000457763672;9.40999984741211;9.600000381469727;9.210943222045898;620500
2021-10-20;9.729999542236328;9.729999542236328;9.449999809265137;9.579999923706055;9.191753387451172;404700
2021-10-21;9.399999618530273;9.4399995803833;9.069999694824219;9.109999656677246;8.740800857543945;366700
2021-10-22;9.09000015258789;9.880000114440918;8.640000343322754;9.260000228881836;8.884722709655762;603400
2021-10-25;9.25;9.420000076293945;9.029999732971191;9.25;8.875127792358398;906700
2021-10-26;9.220000267028809;9.220000267028809;8.9399995803833;8.970000267028809;8.606475830078125;389000
2021-10-27;9.069999694824219;9.130000114440918;8.899999618530273;9.020000457763672;8.654449462890625;264700
2021-10-28;8.899999618530273;8.949999809265137;8.569999694824219;8.6899995803833;8.337821960449219;569300
2021-10-29;8.699999809265137;8.770000457763672;8.289999961853027;8.770000457763672;8.414580345153809;785400
2021-11-01;9.390000343322754;9.699999809265137;9.199999809265137;9.600000381469727;9.210943222045898;2925500
2021-11-03;9.600000381469727;9.600000381469727;9.210000038146973;9.3100004196167;8.932696342468262;819300
2021-11-04;9.239999771118164;9.670000076293945;9.069999694824219;9.479999542236328;9.095806121826172;968900
2021-11-05;9.489999771118164;10.199999809265137;9.479999542236328;9.899999618530273;9.498784065246582;1818800
2021-11-08;9.899999618530273;10.289999961853027;9.880000114440918;10.25;9.834600448608398;707600
2021-11-09;10.260000228881836;10.479999542236328;10.09000015258789;10.300000190734863;9.882574081420898;803300
2021-11-10;10.279999732971191;10.279999732971191;10.020000457763672;10.100000381469727;9.690680503845215;680700
2021-11-11;10.300000190734863;10.449999809265137;10.0;10.369999885559082;9.949737548828125;806300
2021-11-12;10.460000038146973;10.640000343322754;10.15999984741211;10.180000305175781;9.767437934875488;746900
2021-11-16;10.140000343322754;10.279999732971191;9.579999923706055;10.050000190734863;9.642706871032715;1760200
2021-11-17;10.050000190734863;10.069999694824219;9.420000076293945;9.579999923706055;9.191753387451172;1454200
2021-11-18;9.539999961853027;10.15999984741211;9.40999984741211;10.109999656677246;9.700274467468262;940200
2021-11-19;10.109999656677246;10.109999656677246;9.779999732971191;10.050000190734863;9.642706871032715;490700
2021-11-22;10.029999732971191;10.199999809265137;9.75;10.029999732971191;9.623516082763672;874700
2021-11-23;10.020000457763672;10.020000457763672;9.430000305175781;9.760000228881836;9.364459037780762;744600
2021-11-24;9.75;9.899999618530273;9.5600004196167;9.710000038146973;9.316485404968262;284100
2021-11-25;9.699999809265137;9.829999923706055;9.649999618530273;9.720000267028809;9.326080322265625;409800
2021-11-26;9.479999542236328;9.479999542236328;9.100000381469727;9.25;8.875127792358398;326300
2021-11-29;9.350000381469727;9.380000114440918;9.09000015258789;9.260000228881836;8.884722709655762;316000
2021-11-30;9.130000114440918;9.210000038146973;8.880000114440918;9.039999961853027;8.673638343811035;751900
2021-12-01;9.0;9.359999656677246;8.699999809265137;8.989999771118164;8.625663757324219;1179800
2021-12-02;8.989999771118164;9.029999732971191;8.770000457763672;9.0;8.635259628295898;673900
2021-12-03;9.020000457763672;9.229999542236328;8.930000305175781;9.170000076293945;8.798369407653809;842500
2021-12-06;9.210000038146973;9.390000343322754;9.109999656677246;9.329999923706055;8.951885223388672;408100
2021-12-07;9.420000076293945;9.720000267028809;9.40999984741211;9.600000381469727;9.210943222045898;425800
2021-12-08;9.59000015258789;9.859999656677246;9.520000457763672;9.819999694824219;9.422026634216309;505800
2021-12-09;9.609999656677246;9.640000343322754;9.4399995803833;9.640000343322754;9.397764205932617;215800
2021-12-10;9.920000076293945;9.920000076293945;9.5;9.600000381469727;9.358769416809082;257200
2021-12-13;9.359999656677246;9.680000305175781;9.359999656677246;9.550000190734863;9.310025215148926;370800
2021-12-14;9.579999923706055;9.65999984741211;9.260000228881836;9.630000114440918;9.388014793395996;709400
2021-12-15;9.649999618530273;9.739999771118164;9.510000228881836;9.539999961853027;9.300276756286621;333300
2021-12-16;9.550000190734863;9.6899995803833;9.399999618530273;9.449999809265137;9.21253776550293;255800
2021-12-17;9.479999542236328;9.619999885559082;9.3100004196167;9.5600004196167;9.319774627685547;272400
2021-12-20;9.380000114440918;9.579999923706055;9.3100004196167;9.329999923706055;9.095553398132324;483500
2021-12-21;9.399999618530273;9.59000015258789;9.3100004196167;9.3100004196167;9.076056480407715;634400
2021-12-22;9.34000015258789;9.640000343322754;9.34000015258789;9.5;9.261281967163086;542100
2021-12-23;9.5;9.829999923706055;9.479999542236328;9.670000076293945;9.427009582519531;565200
2021-12-27;9.75;9.829999923706055;9.609999656677246;9.760000228881836;9.514748573303223;415100
2021-12-28;9.770000457763672;9.930000305175781;9.680000305175781;9.84000015258789;9.592738151550293;623500
2021-12-29;9.84000015258789;10.079999923706055;9.84000015258789;9.869999885559082;9.621984481811523;762200
2021-12-30;10.100000381469727;10.630000114440918;9.890000343322754;10.4399995803833;10.177660942077637;2669400
2022-01-03;10.220000267028809;10.350000381469727;9.59000015258789;10.050000190734863;9.79746150970459;3064800
2022-01-04;10.050000190734863;10.319999694824219;9.869999885559082;10.210000038146973;9.95344066619873;866700
2022-01-05;10.1899995803833;10.300000190734863;9.960000038146973;10.050000190734863;9.79746150970459;721500
2022-01-06;10.050000190734863;10.149999618530273;9.739999771118164;10.050000190734863;9.79746150970459;630600
2022-01-07;10.050000190734863;10.279999732971191;9.779999732971191;9.930000305175781;9.680477142333984;398100
2022-01-10;9.899999618530273;9.960000038146973;9.550000190734863;9.75;9.504999160766602;555200
2022-01-11;9.6899995803833;9.789999961853027;9.520000457763672;9.649999618530273;9.407511711120605;591400
2022-01-12;9.520000457763672;9.75;9.520000457763672;9.630000114440918;9.388014793395996;549000
2022-01-13;9.640000343322754;9.760000228881836;9.529999732971191;9.569999694824219;9.329522132873535;640000
2022-01-14;9.640000343322754;10.0;9.510000228881836;9.760000228881836;9.514748573303223;591600
2022-01-17;9.600000381469727;9.75;9.420000076293945;9.460000038146973;9.22228717803955;611600
2022-01-18;9.460000038146973;9.600000381469727;9.109999656677246;9.59000015258789;9.349020004272461;913200
2022-01-19;9.59000015258789;9.9399995803833;9.529999732971191;9.9399995803833;9.690224647521973;1167200
2022-01-20;9.9399995803833;10.319999694824219;9.890000343322754;9.899999618530273;9.651229858398438;789900
2022-01-21;9.850000381469727;10.029999732971191;9.729999542236328;9.850000381469727;9.602487564086914;788200
2022-01-24;9.829999923706055;9.869999885559082;9.619999885559082;9.8100004196167;9.563492774963379;609400
2022-01-25;9.8100004196167;9.859999656677246;9.640000343322754;9.760000228881836;9.514748573303223;411000
2022-01-26;9.819999694824219;9.920000076293945;9.59000015258789;9.699999809265137;9.456255912780762;635600
2022-01-27;9.699999809265137;9.699999809265137;9.449999809265137;9.5600004196167;9.319774627685547;413000
2022-01-28;9.5600004196167;9.920000076293945;9.479999542236328;9.829999923706055;9.582989692687988;657900
2022-01-31;9.829999923706055;10.09000015258789;9.720000267028809;10.020000457763672;9.76821517944336;703800
2022-02-01;9.989999771118164;10.199999809265137;9.920000076293945;10.020000457763672;9.76821517944336;953100
2022-02-02;10.010000228881836;10.069999694824219;9.779999732971191;9.779999732971191;9.534245491027832;477200
2022-02-03;9.8100004196167;9.8100004196167;9.5;9.550000190734863;9.310025215148926;729300
2022-02-04;9.550000190734863;9.579999923706055;9.170000076293945;9.40999984741211;9.173542976379395;571200
2022-02-07;9.380000114440918;9.710000038146973;9.25;9.569999694824219;9.329522132873535;595200
2022-02-08;9.550000190734863;9.550000190734863;9.390000343322754;9.399999618530273;9.16379451751709;360400
2022-02-09;9.390000343322754;9.739999771118164;9.380000114440918;9.720000267028809;9.475753784179688;691300
2022-02-10;9.779999732971191;9.949999809265137;9.720000267028809;9.850000381469727;9.602487564086914;944800
2022-02-11;10.0;10.390000343322754;9.75;10.050000190734863;9.79746150970459;1706700
2022-02-14;10.0600004196167;10.5;10.029999732971191;10.319999694824219;10.060676574707031;1168000
2022-02-15;10.34000015258789;10.550000190734863;10.1899995803833;10.289999961853027;10.0314302444458;816500
2022-02-16;10.350000381469727;10.819999694824219;10.289999961853027;10.699999809265137;10.431127548217773;1301500
2022-02-17;10.699999809265137;10.84000015258789;10.600000381469727;10.699999809265137;10.431127548217773;1217900
2022-02-18;10.770000457763672;10.770000457763672;10.600000381469727;10.640000343322754;10.372635841369629;465400
2022-02-21;10.640000343322754;10.65999984741211;10.0;10.09000015258789;9.836456298828125;739800
2022-02-22;10.119999885559082;10.420000076293945;10.069999694824219;10.319999694824219;10.060676574707031;544700
2022-02-23;10.350000381469727;10.390000343322754;10.170000076293945;10.260000228881836;10.002184867858887;324200
2022-02-24;9.90999984741211;10.630000114440918;9.859999656677246;10.579999923706055;10.314143180847168;673400
2022-02-25;10.489999771118164;10.880000114440918;10.420000076293945;10.800000190734863;10.52861499786377;849200
2022-03-02;10.8100004196167;11.220000267028809;10.8100004196167;11.079999923706055;10.801578521728516;1203100
2022-03-03;11.039999961853027;11.460000038146973;10.850000381469727;11.350000381469727;11.064794540405273;1139300
2022-03-04;11.350000381469727;11.4399995803833;10.789999961853027;10.9399995803833;10.665096282958984;1059300
2022-03-07;10.850000381469727;11.119999885559082;10.670000076293945;10.890000343322754;10.616353988647461;1495200
2022-03-08;11.0;11.069999694824219;10.670000076293945;10.960000038146973;10.68459415435791;951400
2022-03-09;11.020000457763672;11.170000076293945;10.880000114440918;10.880000114440918;10.60660457611084;606500
2022-03-10;10.789999961853027;11.020000457763672;10.75;10.9399995803833;10.665096282958984;914600
2022-03-11;11.020000457763672;11.140000343322754;10.699999809265137;10.850000381469727;10.577359199523926;608800
2022-03-14;10.869999885559082;10.9399995803833;10.630000114440918;10.6899995803833;10.421379089355469;698800
2022-03-15;10.529999732971191;10.829999923706055;10.479999542236328;10.600000381469727;10.333641052246094;528500
2022-03-16;10.699999809265137;10.699999809265137;10.229999542236328;10.34000015258789;10.080174446105957;799500
2022-03-17;10.34000015258789;10.449999809265137;9.930000305175781;10.359999656677246;10.099671363830566;819700
2022-03-18;10.350000381469727;10.75;10.279999732971191;10.75;10.47987174987793;536400
2022-03-21;10.760000228881836;10.84000015258789;10.59000015258789;10.6899995803833;10.421379089355469;462100
2022-03-22;10.579999923706055;10.899999618530273;10.579999923706055;10.800000190734863;10.52861499786377;486200
2022-03-23;10.800000190734863;10.989999771118164;10.600000381469727;10.970000267028809;10.694343566894531;448700
2022-03-24;11.0;11.0;10.710000038146973;10.739999771118164;10.470122337341309;657800
2022-03-25;10.8100004196167;10.9399995803833;10.59000015258789;10.65999984741211;10.392132759094238;591900
2022-03-28;10.699999809265137;10.890000343322754;10.510000228881836;10.670000076293945;10.40188217163086;1263400
2022-03-29;10.760000228881836;11.180000305175781;10.630000114440918;10.930000305175781;10.655348777770996;2242700
2022-03-30;10.869999885559082;10.880000114440918;10.149999618530273;10.25;9.992435455322266;1289100
2022-03-31;10.25;10.25;9.850000381469727;9.890000343322754;9.64148235321045;1106100
2022-04-01;9.859999656677246;10.069999694824219;9.720000267028809;9.850000381469727;9.602487564086914;1271900
2022-04-04;9.859999656677246;9.960000038146973;9.699999809265137;9.829999923706055;9.582989692687988;837500
2022-04-05;9.899999618530273;9.9399995803833;9.720000267028809;9.75;9.504999160766602;934300
2022-04-06;9.699999809265137;9.75;9.489999771118164;9.529999732971191;9.29052734375;761500
2022-04-07;9.579999923706055;9.59000015258789;9.369999885559082;9.430000305175781;9.19304084777832;863400
2022-04-08;9.5;9.779999732971191;9.40999984741211;9.670000076293945;9.427009582519531;659400
2022-04-11;9.619999885559082;9.960000038146973;9.539999961853027;9.819999694824219;9.573240280151367;939200
2022-04-12;9.920000076293945;10.0600004196167;9.5600004196167;9.5600004196167;9.319774627685547;1002900
2022-04-13;9.630000114440918;9.84000015258789;9.5600004196167;9.699999809265137;9.456255912780762;838500
2022-04-14;9.699999809265137;9.739999771118164;9.449999809265137;9.5;9.261281967163086;547500
2022-04-18;9.359999656677246;9.720000267028809;9.359999656677246;9.600000381469727;9.358769416809082;644200
2022-04-19;9.579999923706055;9.819999694824219;9.5;9.819999694824219;9.573240280151367;566600
2022-04-20;9.770000457763672;9.920000076293945;9.6899995803833;9.869999885559082;9.621984481811523;764600
2022-04-22;9.75;9.949999809265137;9.710000038146973;9.850000381469727;9.602487564086914;511000
2022-04-25;9.779999732971191;9.819999694824219;9.510000228881836;9.729999542236328;9.485501289367676;575700
2022-04-26;9.680000305175781;9.819999694824219;9.550000190734863;9.630000114440918;9.388014793395996;373500
2022-04-27;9.75;9.9399995803833;9.609999656677246;9.819999694824219;9.573240280151367;662800
2022-04-28;9.859999656677246;9.930000305175781;9.6899995803833;9.869999885559082;9.621984481811523;530800
2022-04-29;9.899999618530273;10.34000015258789;9.8100004196167;9.8100004196167;9.563492774963379;1017200
2022-05-02;9.890000343322754;9.9399995803833;9.1899995803833;9.25;9.017563819885254;887300
2022-05-03;9.300000190734863;9.369999885559082;9.0600004196167;9.289999961853027;9.056558609008789;720800
2022-05-04;9.289999961853027;9.470000267028809;9.170000076293945;9.430000305175781;9.19304084777832;459500
2022-05-05;9.770000457763672;9.770000457763672;9.329999923706055;9.510000228881836;9.27103042602539;1397300
2022-05-06;9.520000457763672;9.579999923706055;9.34000015258789;9.479999542236328;9.24178409576416;645500
2022-05-09;9.34000015258789;9.420000076293945;9.170000076293945;9.25;9.017563819885254;572300
2022-05-10;9.25;9.420000076293945;9.140000343322754;9.210000038146973;8.978569030761719;467800
2022-05-11;9.289999961853027;9.399999618530273;9.170000076293945;9.3100004196167;9.076056480407715;534500
2022-05-12;9.180000305175781;9.470000267028809;9.180000305175781;9.4399995803833;9.202789306640625;437400
2022-05-13;9.470000267028809;9.899999618530273;9.430000305175781;9.800000190734863;9.553743362426758;870200
2022-05-16;9.8100004196167;9.979999542236328;9.729999542236328;9.859999656677246;9.612235069274902;632500
2022-05-17;9.890000343322754;10.199999809265137;9.880000114440918;10.15999984741211;9.904696464538574;582200
2022-05-18;10.149999618530273;10.180000305175781;9.539999961853027;9.539999961853027;9.300276756286621;685700
2022-05-19;9.489999771118164;9.569999694824219;9.239999771118164;9.329999923706055;9.095553398132324;689800
2022-05-20;9.489999771118164;9.539999961853027;9.34000015258789;9.4399995803833;9.202789306640625;445300
2022-05-23;9.420000076293945;9.649999618530273;9.420000076293945;9.579999923706055;9.339271545410156;365100
2022-05-24;9.579999923706055;9.8100004196167;9.460000038146973;9.8100004196167;9.563492774963379;870500
2022-05-25;9.829999923706055;10.15999984741211;9.6899995803833;10.09000015258789;9.836456298828125;771600
2022-05-26;10.140000343322754;10.220000267028809;10.010000228881836;10.140000343322754;9.885199546813965;814200
2022-05-27;10.140000343322754;10.369999885559082;10.100000381469727;10.239999771118164;9.982686996459961;800700
2022-05-30;10.130000114440918;10.420000076293945;10.130000114440918;10.359999656677246;10.099671363830566;570200
2022-05-31;10.300000190734863;10.539999961853027;10.050000190734863;10.050000190734863;9.79746150970459;2909300
2022-06-01;10.100000381469727;10.569999694824219;10.0600004196167;10.569999694824219;10.304393768310547;1160100
2022-06-02;10.539999961853027;10.859999656677246;10.529999732971191;10.710000038146973;10.440876960754395;1300000
2022-06-03;10.670000076293945;10.699999809265137;10.300000190734863;10.479999542236328;10.216655731201172;894200
2022-06-06;10.510000228881836;10.539999961853027;10.09000015258789;10.289999961853027;10.0314302444458;696800
2022-06-07;10.260000228881836;10.279999732971191;9.819999694824219;9.819999694824219;9.573240280151367;789200
2022-06-08;9.550000190734863;9.890000343322754;9.539999961853027;9.819999694824219;9.573240280151367;690900
2022-06-09;9.6899995803833;9.779999732971191;9.569999694824219;9.569999694824219;9.329522132873535;684900
2022-06-10;9.5;9.770000457763672;9.5;9.720000267028809;9.475753784179688;777100
2022-06-13;9.680000305175781;9.699999809265137;9.170000076293945;9.170000076293945;8.939574241638184;901900
2022-06-14;9.300000190734863;9.510000228881836;8.65999984741211;8.760000228881836;8.539876937866211;1393200
2022-06-15;8.850000381469727;8.869999885559082;8.279999732971191;8.359999656677246;8.149927139282227;2026100
2022-06-17;8.260000228881836;8.75;8.180000305175781;8.75;8.53012752532959;1353200
2022-06-20;8.760000228881836;8.8100004196167;8.029999732971191;8.25;8.042692184448242;1605200
2022-06-21;8.279999732971191;8.300000190734863;7.860000133514404;7.920000076293945;7.72098445892334;1544800
2022-06-22;7.849999904632568;7.849999904632568;7.510000228881836;7.550000190734863;7.360281944274902;1714700
2022-06-23;7.559999942779541;7.900000095367432;7.559999942779541;7.71999979019165;7.526009559631348;1301300
2022-06-24;7.760000228881836;7.789999961853027;7.440000057220459;7.570000171661377;7.37977933883667;1071300
2022-06-27;7.599999904632568;7.789999961853027;7.510000228881836;7.650000095367432;7.45776891708374;810500
2022-06-28;7.699999809265137;7.699999809265137;7.199999809265137;7.360000133514404;7.175056457519531;1615300
2022-06-29;7.409999847412109;7.699999809265137;7.300000190734863;7.619999885559082;7.42852258682251;2337400
2022-06-30;7.5;7.75;7.349999904632568;7.659999847412109;7.467517375946045;1811700
2022-07-01;7.599999904632568;7.820000171661377;7.369999885559082;7.809999942779541;7.613748550415039;1356000
2022-07-04;7.769999980926514;7.78000020980835;7.619999885559082;7.630000114440918;7.438271522521973;729100
2022-07-05;7.599999904632568;7.650000095367432;7.400000095367432;7.519999980926514;7.331035614013672;626800
2022-07-06;7.519999980926514;7.559999942779541;7.349999904632568;7.400000095367432;7.214051246643066;861300
2022-07-07;7.46999979019165;7.75;7.46999979019165;7.71999979019165;7.526009559631348;813500
2022-07-08;7.739999771118164;8.0;7.690000057220459;7.760000228881836;7.565004825592041;824800
2022-07-11;7.659999847412109;7.739999771118164;7.369999885559082;7.369999885559082;7.184804916381836;690700
2022-07-12;7.380000114440918;7.449999809265137;7.159999847412109;7.199999809265137;7.019076347351074;515300
2022-07-13;7.159999847412109;7.190000057220459;7.010000228881836;7.119999885559082;6.941086769104004;459100
2022-07-14;7.039999961853027;7.119999885559082;6.650000095367432;6.860000133514404;6.687620162963867;1751500
2022-07-15;6.889999866485596;6.949999809265137;6.699999809265137;6.880000114440918;6.707117557525635;771100
2022-07-18;6.920000076293945;7.03000020980835;6.789999961853027;7.03000020980835;6.853348731994629;755800
2022-07-19;7.050000190734863;7.179999828338623;7.0;7.139999866485596;6.9605841636657715;788500
2022-07-20;7.079999923706055;7.489999771118164;7.059999942779541;7.389999866485596;7.2043023109436035;1090700
2022-07-21;7.349999904632568;7.380000114440918;7.139999866485596;7.260000228881836;7.077569007873535;604900
2022-07-22;7.260000228881836;7.389999866485596;7.210000038146973;7.25;7.067820072174072;513700
2022-07-25;7.25;7.429999828338623;7.090000152587891;7.349999904632568;7.165307521820068;648500
2022-07-26;7.389999866485596;7.389999866485596;7.039999961853027;7.079999923706055;6.902091979980469;855200
2022-07-27;6.949999809265137;7.400000095367432;6.949999809265137;7.360000133514404;7.360000133514404;961200
2022-07-28;7.360000133514404;7.510000228881836;7.289999961853027;7.369999885559082;7.369999885559082;851800
2022-07-29;7.409999847412109;7.440000057220459;7.25;7.309999942779541;7.309999942779541;461200
2022-08-01;7.320000171661377;7.440000057220459;7.170000076293945;7.239999771118164;7.239999771118164;798600
2022-08-02;7.239999771118164;7.28000020980835;6.96999979019165;7.239999771118164;7.239999771118164;1073500
2022-08-03;7.28000020980835;7.420000076293945;7.179999828338623;7.360000133514404;7.360000133514404;594300
2022-08-04;7.389999866485596;7.579999923706055;7.340000152587891;7.480000019073486;7.480000019073486;655800
2022-08-05;7.5;7.769999980926514;7.5;7.590000152587891;7.590000152587891;441800
2022-08-08;7.659999847412109;7.699999809265137;7.539999961853027;7.570000171661377;7.570000171661377;291700
2022-08-09;7.610000133514404;7.639999866485596;7.360000133514404;7.5;7.5;414600
2022-08-10;7.599999904632568;7.880000114440918;7.550000190734863;7.769999980926514;7.769999980926514;612100
2022-08-11;7.699999809265137;7.880000114440918;7.699999809265137;7.760000228881836;7.760000228881836;423100
2022-08-12;7.929999828338623;8.109999656677246;7.789999961853027;7.880000114440918;7.880000114440918;582900
2022-08-15;7.849999904632568;7.989999771118164;7.760000228881836;7.829999923706055;7.829999923706055;451500
2022-08-16;7.920000076293945;7.920000076293945;7.650000095367432;7.829999923706055;7.829999923706055;631800
2022-08-17;7.559999942779541;7.840000152587891;7.559999942779541;7.800000190734863;7.800000190734863;487500
2022-08-18;7.829999923706055;7.829999923706055;7.519999980926514;7.550000190734863;7.550000190734863;491100
2022-08-19;7.599999904632568;7.630000114440918;7.360000133514404;7.519999980926514;7.519999980926514;518800
2022-08-22;7.610000133514404;7.619999885559082;7.369999885559082;7.519999980926514;7.519999980926514;611400
2022-08-23;7.630000114440918;7.769999980926514;7.579999923706055;7.739999771118164;7.739999771118164;324500
2022-08-24;7.739999771118164;7.849999904632568;7.610000133514404;7.690000057220459;7.690000057220459;428200
2022-08-25;7.690000057220459;7.849999904632568;7.619999885559082;7.820000171661377;7.820000171661377;617500
2022-08-26;7.849999904632568;7.889999866485596;7.699999809265137;7.829999923706055;7.829999923706055;281600
2022-08-29;7.730000019073486;7.960000038146973;7.679999828338623;7.800000190734863;7.800000190734863;522400
2022-08-30;7.820000171661377;7.889999866485596;7.579999923706055;7.619999885559082;7.619999885559082;338400
2022-08-31;7.550000190734863;7.78000020980835;7.5;7.519999980926514;7.519999980926514;649700
2022-09-01;7.53000020980835;7.559999942779541;7.199999809265137;7.360000133514404;7.360000133514404;1436300
2022-09-02;7.460000038146973;7.590000152587891;7.389999866485596;7.489999771118164;7.489999771118164;606600
2022-09-05;7.550000190734863;7.659999847412109;7.409999847412109;7.5;7.5;294500
2022-09-06;7.5;7.5;7.230000019073486;7.25;7.25;488400
2022-09-08;7.25;7.300000190734863;7.010000228881836;7.03000020980835;7.03000020980835;899400
2022-09-09;7.150000095367432;7.230000019073486;7.059999942779541;7.210000038146973;7.210000038146973;606000
2022-09-12;7.360000133514404;7.360000133514404;7.170000076293945;7.289999961853027;7.289999961853027;447000
2022-09-13;7.269999980926514;7.329999923706055;7.119999885559082;7.139999866485596;7.139999866485596;564900
2022-09-14;7.110000133514404;7.190000057220459;7.039999961853027;7.070000171661377;7.070000171661377;495000
2022-09-15;7.019999980926514;7.230000019073486;6.989999771118164;7.059999942779541;7.059999942779541;636300
2022-09-16;7.059999942779541;7.179999828338623;6.929999828338623;7.179999828338623;7.179999828338623;518300
2022-09-19;7.170000076293945;7.28000020980835;7.059999942779541;7.21999979019165;7.21999979019165;484000
2022-09-20;7.289999961853027;7.349999904632568;7.079999923706055;7.119999885559082;7.119999885559082;376800
2022-09-21;7.150000095367432;7.329999923706055;7.090000152587891;7.21999979019165;7.21999979019165;387200
2022-09-22;7.21999979019165;7.329999923706055;7.090000152587891;7.25;7.25;634900
2022-09-23;7.110000133514404;7.25;7.050000190734863;7.199999809265137;7.199999809265137;315200
2022-09-26;7.199999809265137;7.199999809265137;7.019999980926514;7.050000190734863;7.050000190734863;327000
2022-09-27;7.039999961853027;7.070000171661377;7.0;7.010000228881836;7.010000228881836;482200
2022-09-28;7.010000228881836;7.179999828338623;6.96999979019165;7.139999866485596;7.139999866485596;530200
2022-09-29;7.099999904632568;7.260000228881836;6.909999847412109;6.980000019073486;6.980000019073486;905800
2022-09-30;6.929999828338623;7.389999866485596;6.920000076293945;7.130000114440918;7.130000114440918;877800
2022-10-03;7.25;7.409999847412109;7.03000020980835;7.199999809265137;7.199999809265137;1144700
2022-10-04;7.349999904632568;7.480000019073486;7.239999771118164;7.360000133514404;7.360000133514404;764700
2022-10-05;7.460000038146973;7.519999980926514;7.329999923706055;7.519999980926514;7.519999980926514;736300
2022-10-06;7.550000190734863;7.630000114440918;7.429999828338623;7.539999961853027;7.539999961853027;480900
2022-10-07;7.550000190734863;7.679999828338623;7.480000019073486;7.480000019073486;7.480000019073486;505000
2022-10-10;7.46999979019165;7.539999961853027;7.309999942779541;7.420000076293945;7.420000076293945;739000
2022-10-11;7.429999828338623;7.579999923706055;7.409999847412109;7.480000019073486;7.480000019073486;422700
2022-10-13;7.429999828338623;7.5;7.320000171661377;7.429999828338623;7.429999828338623;654900
2022-10-14;7.429999828338623;7.550000190734863;7.150000095367432;7.25;7.25;719200
2022-10-17;7.25;7.320000171661377;7.150000095367432;7.239999771118164;7.239999771118164;371500
2022-10-18;7.179999828338623;7.239999771118164;7.010000228881836;7.110000133514404;7.110000133514404;685100
2022-10-19;7.170000076293945;7.210000038146973;7.03000020980835;7.110000133514404;7.110000133514404;463000
2022-10-20;7.239999771118164;7.239999771118164;6.940000057220459;7.119999885559082;7.119999885559082;969900
2022-10-21;7.059999942779541;7.269999980926514;6.980000019073486;7.230000019073486;7.230000019073486;558000
2022-10-24;7.150000095367432;7.260000228881836;7.099999904632568;7.21999979019165;7.21999979019165;320400
2022-10-25;7.150000095367432;7.260000228881836;7.099999904632568;7.099999904632568;7.099999904632568;368000
2022-10-26;7.099999904632568;7.110000133514404;6.940000057220459;6.989999771118164;6.989999771118164;458900
2022-10-27;6.989999771118164;7.130000114440918;6.989999771118164;7.039999961853027;7.039999961853027;400000
2022-10-28;7.039999961853027;7.050000190734863;6.909999847412109;6.980000019073486;6.980000019073486;712800
2022-10-31;6.909999847412109;7.0;6.71999979019165;6.960000038146973;6.960000038146973;631600
2022-11-01;7.0;7.440000057220459;7.0;7.369999885559082;7.369999885559082;832600
2022-11-03;7.360000133514404;7.5;7.21999979019165;7.5;7.5;1071500
2022-11-04;7.510000228881836;8.149999618530273;7.46999979019165;7.989999771118164;7.989999771118164;977600
2022-11-07;8.0;8.140000343322754;7.78000020980835;7.829999923706055;7.829999923706055;653900
2022-11-08;7.860000133514404;7.949999809265137;7.590000152587891;7.769999980926514;7.769999980926514;825600
2022-11-09;7.769999980926514;7.869999885559082;7.400000095367432;7.409999847412109;7.409999847412109;477300
2022-11-10;7.389999866485596;7.400000095367432;6.730000019073486;6.769999980926514;6.769999980926514;1535700
2022-11-11;6.829999923706055;7.480000019073486;6.809999942779541;7.480000019073486;7.480000019073486;1802800
2022-11-14;7.570000171661377;7.659999847412109;7.320000171661377;7.349999904632568;7.349999904632568;601500
2022-11-16;7.349999904632568;7.420000076293945;7.099999904632568;7.199999809265137;7.199999809265137;1113700
2022-11-17;7.130000114440918;7.260000228881836;6.960000038146973;7.25;7.25;1219700
2022-11-18;7.28000020980835;7.690000057220459;7.210000038146973;7.570000171661377;7.570000171661377;898200
2022-11-21;7.650000095367432;7.75;7.519999980926514;7.579999923706055;7.579999923706055;440200
2022-11-22;7.590000152587891;7.820000171661377;7.449999809265137;7.619999885559082;7.619999885559082;447900
2022-11-23;7.599999904632568;7.599999904632568;7.369999885559082;7.550000190734863;7.550000190734863;469400
2022-11-24;7.590000152587891;7.880000114440918;7.590000152587891;7.869999885559082;7.869999885559082;336000
2022-11-25;7.889999866485596;8.0600004196167;7.699999809265137;7.769999980926514;7.769999980926514;340000
2022-11-28;7.75;7.769999980926514;7.519999980926514;7.769999980926514;7.769999980926514;463200
2022-11-29;7.800000190734863;7.840000152587891;7.579999923706055;7.789999961853027;7.789999961853027;554100
2022-11-30;7.800000190734863;7.989999771118164;7.510000228881836;7.989999771118164;7.989999771118164;1197600
2022-12-01;7.96999979019165;7.96999979019165;7.659999847412109;7.659999847412109;7.659999847412109;676700
2022-12-02;7.690000057220459;7.889999866485596;7.650000095367432;7.75;7.75;443400
2022-12-05;7.659999847412109;7.739999771118164;7.289999961853027;7.349999904632568;7.349999904632568;429600
2022-12-06;7.349999904632568;7.53000020980835;7.300000190734863;7.519999980926514;7.519999980926514;366600
2022-12-07;7.5;7.590000152587891;7.409999847412109;7.510000228881836;7.510000228881836;339700
2022-12-08;7.449999809265137;7.5;7.210000038146973;7.369999885559082;7.369999885559082;727700
2022-12-09;7.360000133514404;7.449999809265137;7.269999980926514;7.449999809265137;7.449999809265137;638200
2022-12-12;7.449999809265137;7.460000038146973;6.980000019073486;7.019999980926514;7.019999980926514;480000
2022-12-13;7.059999942779541;7.079999923706055;6.889999866485596;6.920000076293945;6.920000076293945;516900
2022-12-14;6.900000095367432;7.199999809265137;6.71999979019165;7.199999809265137;7.199999809265137;698100
2022-12-15;7.170000076293945;7.269999980926514;6.920000076293945;6.96999979019165;6.96999979019165;548800
2022-12-16;6.980000019073486;7.070000171661377;6.860000133514404;7.0;7.0;501000
2022-12-19;7.090000152587891;7.28000020980835;6.980000019073486;7.28000020980835;7.28000020980835;497500
2022-12-20;7.289999961853027;7.679999828338623;7.190000057220459;7.510000228881836;7.510000228881836;719700
2022-12-21;7.559999942779541;7.650000095367432;7.460000038146973;7.550000190734863;7.550000190734863;377300
2022-12-22;7.53000020980835;7.619999885559082;7.360000133514404;7.449999809265137;7.449999809265137;489000
2022-12-23;7.409999847412109;7.71999979019165;7.409999847412109;7.639999866485596;7.639999866485596;484200
2022-12-26;7.630000114440918;7.630000114440918;7.389999866485596;7.389999866485596;7.389999866485596;221000
2022-12-27;7.409999847412109;7.429999828338623;7.199999809265137;7.289999961853027;7.289999961853027;290300
2022-12-28;7.340000152587891;7.559999942779541;7.289999961853027;7.53000020980835;7.53000020980835;262700
2022-12-29;7.53000020980835;7.71999979019165;7.5;7.639999866485596;7.639999866485596;695700
2023-01-02;7.5;7.5;6.940000057220459;7.099999904632568;7.099999904632568;644500
2023-01-03;7.300000190734863;7.300000190734863;6.960000038146973;7.019999980926514;7.019999980926514;561400
2023-01-04;7.179999828338623;7.190000057220459;6.519999980926514;6.900000095367432;6.900000095367432;1542400
2023-01-05;6.940000057220459;6.96999979019165;6.75;6.800000190734863;6.800000190734863;455800
2023-01-06;6.800000190734863;6.909999847412109;6.699999809265137;6.769999980926514;6.769999980926514;532000
2023-01-09;6.730000019073486;6.840000152587891;6.610000133514404;6.75;6.75;627800
2023-01-10;6.800000190734863;6.889999866485596;6.699999809265137;6.840000152587891;6.840000152587891;730300
2023-01-11;6.840000152587891;7.190000057220459;6.730000019073486;7.139999866485596;7.139999866485596;847000
2023-01-12;7.130000114440918;7.260000228881836;6.989999771118164;7.039999961853027;7.039999961853027;816000
2023-01-13;6.940000057220459;7.099999904632568;6.760000228881836;7.070000171661377;7.070000171661377;972200
2023-01-16;7.090000152587891;7.139999866485596;6.940000057220459;7.139999866485596;7.139999866485596;534500
2023-01-17;7.139999866485596;7.170000076293945;6.980000019073486;7.050000190734863;7.050000190734863;334300
2023-01-18;7.079999923706055;7.239999771118164;7.03000020980835;7.139999866485596;7.139999866485596;475700
2023-01-19;7.130000114440918;7.199999809265137;7.010000228881836;7.079999923706055;7.079999923706055;609600
2023-01-20;7.019999980926514;7.21999979019165;6.989999771118164;7.159999847412109;7.159999847412109;378100
2023-01-23;7.150000095367432;7.260000228881836;7.079999923706055;7.159999847412109;7.159999847412109;443800
2023-01-24;7.199999809265137;7.349999904632568;7.090000152587891;7.199999809265137;7.199999809265137;316100
2023-01-25;7.199999809265137;7.329999923706055;7.079999923706055;7.300000190734863;7.300000190734863;392600
2023-01-26;7.289999961853027;7.360000133514404;7.190000057220459;7.360000133514404;7.360000133514404;306100
2023-01-27;7.300000190734863;7.340000152587891;7.159999847412109;7.159999847412109;7.159999847412109;405900
2023-01-30;7.110000133514404;7.300000190734863;7.110000133514404;7.300000190734863;7.300000190734863;382500
2023-01-31;7.340000152587891;7.440000057220459;7.230000019073486;7.409999847412109;7.409999847412109;657100
2023-02-01;7.340000152587891;7.489999771118164;7.230000019073486;7.420000076293945;7.420000076293945;970500
2023-02-02;7.409999847412109;7.5;7.21999979019165;7.28000020980835;7.28000020980835;720200
2023-02-03;7.269999980926514;7.309999942779541;7.0;7.039999961853027;7.039999961853027;525900
2023-02-06;7.0;7.210000038146973;6.889999866485596;7.159999847412109;7.159999847412109;567200
2023-02-07;7.199999809265137;7.289999961853027;6.989999771118164;7.0;7.0;562700
2023-02-08;7.0;7.170000076293945;7.0;7.099999904632568;7.099999904632568;591200
2023-02-09;7.079999923706055;7.320000171661377;6.949999809265137;7.099999904632568;7.099999904632568;958400
2023-02-10;7.059999942779541;7.539999961853027;7.0;7.539999961853027;7.539999961853027;1292600
2023-02-13;7.550000190734863;7.690000057220459;7.340000152587891;7.480000019073486;7.480000019073486;649400
2023-02-14;7.599999904632568;7.639999866485596;6.949999809265137;7.380000114440918;7.380000114440918;2101400
2023-02-15;7.420000076293945;7.639999866485596;7.289999961853027;7.510000228881836;7.510000228881836;658300
2023-02-16;7.699999809265137;7.78000020980835;7.380000114440918;7.559999942779541;7.559999942779541;3676600
2023-02-17;7.53000020980835;7.760000228881836;7.519999980926514;7.590000152587891;7.590000152587891;788800
2023-02-22;7.5;7.78000020980835;7.480000019073486;7.739999771118164;7.739999771118164;473700
2023-02-23;7.78000020980835;7.949999809265137;7.699999809265137;7.789999961853027;7.789999961853027;802800
2023-02-24;7.789999961853027;7.840000152587891;7.610000133514404;7.610000133514404;7.610000133514404;928400
2023-02-27;7.619999885559082;7.820000171661377;7.510000228881836;7.800000190734863;7.800000190734863;1076900
2023-02-28;7.739999771118164;7.889999866485596;7.739999771118164;7.809999942779541;7.809999942779541;1261300
2023-03-01;7.800000190734863;7.800000190734863;7.440000057220459;7.5;7.5;970500
2023-03-02;7.570000171661377;7.570000171661377;7.420000076293945;7.489999771118164;7.489999771118164;681000
2023-03-03;7.510000228881836;7.550000190734863;7.400000095367432;7.449999809265137;7.449999809265137;618700
2023-03-06;7.440000057220459;7.480000019073486;7.340000152587891;7.400000095367432;7.400000095367432;830100
2023-03-07;7.420000076293945;7.489999771118164;7.199999809265137;7.409999847412109;7.409999847412109;577600
2023-03-08;7.409999847412109;7.590000152587891;7.409999847412109;7.590000152587891;7.590000152587891;690300
2023-03-09;7.579999923706055;7.659999847412109;7.420000076293945;7.440000057220459;7.440000057220459;861500
2023-03-10;7.420000076293945;7.480000019073486;7.28000020980835;7.300000190734863;7.300000190734863;540200
2023-03-13;7.21999979019165;7.420000076293945;7.159999847412109;7.28000020980835;7.28000020980835;984300
2023-03-14;7.199999809265137;7.360000133514404;7.199999809265137;7.289999961853027;7.289999961853027;912100
2023-03-15;7.199999809265137;7.260000228881836;7.130000114440918;7.190000057220459;7.190000057220459;530500
2023-03-16;7.190000057220459;7.329999923706055;7.159999847412109;7.28000020980835;7.28000020980835;851300
2023-03-17;7.300000190734863;7.320000171661377;6.889999866485596;6.889999866485596;6.889999866485596;1734700
2023-03-20;6.909999847412109;6.980000019073486;6.78000020980835;6.849999904632568;6.849999904632568;1064800
2023-03-21;6.909999847412109;6.909999847412109;6.71999979019165;6.769999980926514;6.769999980926514;735300
2023-03-22;6.760000228881836;6.789999961853027;6.610000133514404;6.650000095367432;6.650000095367432;1020000
2023-03-23;6.639999866485596;6.690000057220459;6.489999771118164;6.550000190734863;6.550000190734863;1193700
2023-03-24;6.599999904632568;6.739999771118164;6.489999771118164;6.699999809265137;6.699999809265137;1333500
2023-03-27;6.78000020980835;6.78000020980835;6.590000152587891;6.599999904632568;6.599999904632568;878900
2023-03-28;6.619999885559082;6.869999885559082;6.539999961853027;6.800000190734863;6.800000190734863;1346100
2023-03-29;6.730000019073486;6.820000171661377;6.610000133514404;6.769999980926514;6.769999980926514;2326100
2023-03-30;6.809999942779541;7.190000057220459;6.809999942779541;7.119999885559082;7.119999885559082;758300
2023-03-31;7.119999885559082;7.119999885559082;6.699999809265137;6.760000228881836;6.760000228881836;1204700
2023-04-03;6.710000038146973;6.849999904632568;6.630000114440918;6.710000038146973;6.710000038146973;1579600
2023-04-04;6.789999961853027;6.909999847412109;6.639999866485596;6.889999866485596;6.889999866485596;592600
2023-04-05;6.949999809265137;6.989999771118164;6.739999771118164;6.900000095367432;6.900000095367432;574400
2023-04-06;6.900000095367432;7.039999961853027;6.769999980926514;6.940000057220459;6.940000057220459;840700
2023-04-10;6.929999828338623;7.070000171661377;6.929999828338623;6.989999771118164;6.989999771118164;482900
2023-04-11;6.96999979019165;7.269999980926514;6.96999979019165;7.150000095367432;7.150000095367432;677200
2023-04-12;7.159999847412109;7.199999809265137;7.059999942779541;7.150000095367432;7.150000095367432;618200
2023-04-13;7.150000095367432;7.449999809265137;7.059999942779541;7.260000228881836;7.260000228881836;970300
2023-04-14;7.130000114440918;7.199999809265137;7.039999961853027;7.130000114440918;7.130000114440918;875300
2023-04-17;7.199999809265137;7.199999809265137;6.980000019073486;7.03000020980835;7.03000020980835;706800
2023-04-18;7.079999923706055;7.079999923706055;6.760000228881836;6.829999923706055;6.829999923706055;679800
2023-04-19;6.730000019073486;6.800000190734863;6.659999847412109;6.71999979019165;6.71999979019165;1076000
2023-04-20;6.739999771118164;6.860000133514404;6.690000057220459;6.820000171661377;6.820000171661377;456900
2023-04-24;6.820000171661377;6.940000057220459;6.760000228881836;6.909999847412109;6.909999847412109;962500
2023-04-25;6.929999828338623;7.03000020980835;6.849999904632568;7.010000228881836;7.010000228881836;1097300
2023-04-26;7.0;7.579999923706055;7.0;7.570000171661377;7.570000171661377;1971600
2023-04-27;7.489999771118164;7.75;7.46999979019165;7.579999923706055;7.579999923706055;1124000
2023-04-28;7.630000114440918;7.869999885559082;7.53000020980835;7.860000133514404;7.860000133514404;1800000
2023-05-02;7.860000133514404;7.880000114440918;7.519999980926514;7.539999961853027;7.539999961853027;1140300
2023-05-03;7.519999980926514;7.519999980926514;7.239999771118164;7.46999979019165;7.46999979019165;1505100
2023-05-04;7.420000076293945;7.690000057220459;7.420000076293945;7.46999979019165;7.46999979019165;787800
2023-05-05;7.5;7.690000057220459;7.5;7.599999904632568;7.599999904632568;671000
2023-05-08;7.599999904632568;7.829999923706055;7.599999904632568;7.699999809265137;7.699999809265137;576900
2023-05-09;7.650000095367432;7.769999980926514;7.579999923706055;7.769999980926514;7.769999980926514;578200
2023-05-10;7.679999828338623;7.75;7.510000228881836;7.630000114440918;7.630000114440918;702100
2023-05-11;7.590000152587891;7.75;7.539999961853027;7.699999809265137;7.699999809265137;635800
2023-05-12;7.630000114440918;7.730000019073486;7.550000190734863;7.659999847412109;7.659999847412109;532600
2023-05-15;7.849999904632568;7.849999904632568;7.46999979019165;7.559999942779541;7.559999942779541;923000
2023-05-16;7.550000190734863;7.659999847412109;7.510000228881836;7.510000228881836;7.510000228881836;472100
2023-05-17;7.5;7.760000228881836;7.5;7.710000038146973;7.710000038146973;588800
2023-05-18;7.679999828338623;7.960000038146973;7.679999828338623;7.949999809265137;7.949999809265137;692400
2023-05-19;7.940000057220459;8.220000267028809;7.929999828338623;8.069999694824219;8.069999694824219;728400
2023-05-22;8.020000457763672;8.229999542236328;7.929999828338623;8.050000190734863;8.050000190734863;697600
2023-05-23;8.0;8.25;7.989999771118164;8.109999656677246;8.109999656677246;465700
2023-05-24;8.149999618530273;8.170000076293945;7.989999771118164;8.109999656677246;8.109999656677246;499200
2023-05-25;8.100000381469727;8.479999542236328;7.929999828338623;8.350000381469727;8.350000381469727;1154900
2023-05-26;8.350000381469727;8.489999771118164;8.119999885559082;8.270000457763672;8.270000457763672;595600
2023-05-29;8.270000457763672;8.449999809265137;8.1899995803833;8.34000015258789;8.34000015258789;657000
2023-05-30;8.350000381469727;8.359999656677246;8.0;8.1899995803833;8.1899995803833;685500
2023-05-31;8.100000381469727;8.149999618530273;7.760000228881836;7.760000228881836;7.760000228881836;1719300
2023-06-01;7.78000020980835;7.960000038146973;7.71999979019165;7.900000095367432;7.900000095367432;765800
2023-06-02;8.0;8.1899995803833;7.960000038146973;8.149999618530273;8.149999618530273;638600
2023-06-05;8.180000305175781;8.380000114440918;7.980000019073486;8.220000267028809;8.220000267028809;428100
2023-06-06;8.319999694824219;8.460000038146973;8.199999809265137;8.390000343322754;8.390000343322754;568500
2023-06-07;8.470000267028809;8.649999618530273;8.350000381469727;8.479999542236328;8.479999542236328;826900
2023-06-09;8.520000457763672;8.609999656677246;8.140000343322754;8.279999732971191;8.279999732971191;1434000
2023-06-12;8.220000267028809;8.279999732971191;8.020000457763672;8.109999656677246;8.109999656677246;645600
2023-06-13;8.1899995803833;8.300000190734863;7.880000114440918;7.980000019073486;7.980000019073486;619900
2023-06-14;8.0;8.180000305175781;7.920000076293945;8.140000343322754;8.140000343322754;523800
2023-06-15;8.140000343322754;8.239999771118164;8.010000228881836;8.130000114440918;8.130000114440918;710800
2023-06-16;8.140000343322754;8.140000343322754;7.960000038146973;7.989999771118164;7.989999771118164;478300
2023-06-19;7.989999771118164;8.149999618530273;7.920000076293945;8.149999618530273;8.149999618530273;348000
2023-06-20;8.140000343322754;8.350000381469727;8.119999885559082;8.279999732971191;8.279999732971191;818300
2023-06-21;8.260000228881836;8.350000381469727;8.170000076293945;8.300000190734863;8.300000190734863;293800
2023-06-22;8.329999923706055;8.5;8.229999542236328;8.390000343322754;8.390000343322754;1043900
2023-06-23;8.380000114440918;8.4399995803833;8.199999809265137;8.270000457763672;8.270000457763672;424400
2023-06-26;8.270000457763672;8.420000076293945;8.149999618530273;8.239999771118164;8.239999771118164;430000
2023-06-27;8.279999732971191;8.3100004196167;8.020000457763672;8.100000381469727;8.100000381469727;481100
2023-06-28;8.140000343322754;8.15999984741211;8.039999961853027;8.0600004196167;8.0600004196167;446100
2023-06-29;8.100000381469727;8.149999618530273;7.590000152587891;7.820000171661377;7.820000171661377;1513000
2023-06-30;7.809999942779541;7.909999847412109;7.519999980926514;7.519999980926514;7.519999980926514;1171400
2023-07-03;7.5;7.650000095367432;7.420000076293945;7.650000095367432;7.650000095367432;1078900
2023-07-04;7.650000095367432;7.699999809265137;7.5;7.650000095367432;7.650000095367432;607900
2023-07-05;7.650000095367432;7.829999923706055;7.599999904632568;7.739999771118164;7.739999771118164;776500
2023-07-06;7.71999979019165;7.809999942779541;7.519999980926514;7.550000190734863;7.550000190734863;731200
2023-07-07;7.599999904632568;7.800000190734863;7.539999961853027;7.71999979019165;7.71999979019165;481300
