Date;Open;High;Low;Close;Adj Close;Volume;ret;tret
2021-05-10 00:00:00-03:00;18.56999969482422;18.56999969482422;17.709999084472656;17.799999237060547;17.106496810913086;418900;;
2021-05-11 00:00:00-03:00;17.850000381469727;18.389999389648438;17.350000381469727;17.989999771118164;17.289093017578125;772600;1.07;1.07
2021-05-12 00:00:00-03:00;17.899999618530273;18.459999084472656;17.899999618530273;18.110000610351562;17.4044189453125;319300;0.67;1.7400000000000002
2021-05-13 00:00:00-03:00;18.399999618530273;18.940000534057617;17.549999237060547;18.0;17.298704147338867;852700;-0.61;1.1300000000000003
2021-05-14 00:00:00-03:00;18.190000534057617;18.389999389648438;17.549999237060547;18.010000228881836;17.308313369750977;478000;0.06;1.1900000000000004
2021-05-17 00:00:00-03:00;18.100000381469727;18.399999618530273;17.899999618530273;18.399999618530273;17.683116912841797;259100;2.17;3.3600000000000003
2021-05-18 00:00:00-03:00;18.280000686645508;18.799999237060547;18.209999084472656;18.399999618530273;17.683116912841797;185900;0.0;3.3600000000000003
2021-05-19 00:00:00-03:00;18.399999618530273;18.399999618530273;17.799999237060547;17.850000381469727;17.154550552368164;283400;-2.99;0.3700000000000001
2021-05-20 00:00:00-03:00;17.940000534057617;18.0;17.6200008392334;17.799999237060547;17.106496810913086;118600;-0.28;0.09000000000000008
2021-05-21 00:00:00-03:00;17.850000381469727;17.850000381469727;17.25;17.600000381469727;16.914287567138672;251500;-1.12;-1.03
2021-05-24 00:00:00-03:00;17.690000534057617;17.940000534057617;17.520000457763672;17.719999313354492;17.029611587524414;453000;0.68;-0.35
2021-05-25 00:00:00-03:00;17.739999771118164;17.959999084472656;17.299999237060547;17.600000381469727;16.914287567138672;197200;-0.68;-1.03
2021-05-26 00:00:00-03:00;17.700000762939453;17.729999542236328;17.079999923706055;17.100000381469727;16.43376922607422;685600;-2.84;-3.87
2021-05-27 00:00:00-03:00;17.239999771118164;17.239999771118164;16.649999618530273;16.899999618530273;16.241559982299805;394300;-1.17;-5.04
2021-05-28 00:00:00-03:00;16.940000534057617;17.25;16.649999618530273;16.899999618530273;16.241559982299805;767300;0.0;-5.04
2021-05-31 00:00:00-03:00;17.0;17.18000030517578;16.809999465942383;16.920000076293945;16.260778427124023;368300;0.12;-4.92
2021-06-01 00:00:00-03:00;17.06999969482422;17.34000015258789;16.75;17.280000686645508;16.60675621032715;566900;2.13;-2.79
2021-06-02 00:00:00-03:00;17.299999237060547;18.0;17.1299991607666;17.850000381469727;17.154550552368164;801000;3.3;0.5099999999999998
2021-06-04 00:00:00-03:00;18.110000610351562;18.75;18.110000610351562;18.200000762939453;17.49091339111328;1442200;1.96;2.4699999999999998
2021-06-07 00:00:00-03:00;18.1200008392334;18.219999313354492;17.709999084472656;17.799999237060547;17.106496810913086;510000;-2.2;0.2699999999999996
2021-06-08 00:00:00-03:00;18.139999389648438;18.18000030517578;17.18000030517578;17.350000381469727;16.674028396606445;700000;-2.53;-2.2600000000000002
2021-06-09 00:00:00-03:00;17.549999237060547;17.81999969482422;17.18000030517578;17.18000030517578;16.510652542114258;691900;-0.98;-3.24
2021-06-10 00:00:00-03:00;17.270000457763672;17.540000915527344;17.110000610351562;17.190000534057617;16.520263671875;248600;0.06;-3.18
2021-06-11 00:00:00-03:00;17.15999984741211;17.270000457763672;16.75;16.799999237060547;16.145456314086914;577600;-2.27;-5.45
2021-06-14 00:00:00-03:00;16.899999618530273;16.920000076293945;16.360000610351562;16.360000610351562;15.722600936889648;1295500;-2.62;-8.07
2021-06-15 00:00:00-03:00;16.59000015258789;16.639999389648438;16.40999984741211;16.450000762939453;15.80909252166748;552200;0.55;-7.5200000000000005
2021-06-16 00:00:00-03:00;16.450000762939453;16.799999237060547;16.31999969482422;16.579999923706055;15.934027671813965;572500;0.79;-6.73
2021-06-17 00:00:00-03:00;16.65999984741211;16.68000030517578;16.309999465942383;16.309999465942383;15.67454719543457;250400;-1.63;-8.36
2021-06-18 00:00:00-03:00;16.350000381469727;16.389999389648438;15.829999923706055;15.970000267028809;15.347794532775879;565800;-2.08;-10.44
2021-06-21 00:00:00-03:00;15.899999618530273;15.970000267028809;15.430000305175781;15.59000015258789;14.982598304748535;786900;-2.38;-12.82
2021-06-22 00:00:00-03:00;15.59000015258789;15.930000305175781;15.449999809265137;15.699999809265137;15.088314056396484;453800;0.71;-12.11
2021-06-23 00:00:00-03:00;15.699999809265137;16.25;15.699999809265137;16.1299991607666;15.501559257507324;1790000;2.74;-9.37
2021-06-24 00:00:00-03:00;16.309999465942383;16.65999984741211;16.1299991607666;16.25;15.616886138916016;523500;0.74;-8.629999999999999
2021-06-25 00:00:00-03:00;16.290000915527344;17.5;16.290000915527344;17.239999771118164;16.568313598632812;3374100;6.09;-2.539999999999999
2021-06-28 00:00:00-03:00;17.280000686645508;18.010000228881836;16.65999984741211;17.06999969482422;16.404937744140625;1093500;-0.99;-3.5299999999999994
2021-06-29 00:00:00-03:00;17.450000762939453;17.739999771118164;17.25;17.3799991607666;16.702857971191406;552000;1.82;-1.7099999999999993
2021-06-30 00:00:00-03:00;17.31999969482422;19.5;17.31999969482422;18.559999465942383;17.836881637573242;2328000;6.79;5.080000000000001
2021-07-01 00:00:00-03:00;18.559999465942383;19.200000762939453;17.920000076293945;18.989999771118164;18.250131607055664;1826200;2.32;7.4
2021-07-02 00:00:00-03:00;19.149999618530273;19.149999618530273;18.510000228881836;18.649999618530273;17.9838924407959;357100;-1.46;5.94
2021-07-05 00:00:00-03:00;18.649999618530273;18.84000015258789;17.760000228881836;18.399999618530273;17.742820739746094;542600;-1.34;4.6000000000000005
2021-07-06 00:00:00-03:00;18.3700008392334;18.899999618530273;17.809999465942383;18.610000610351562;17.945323944091797;1008100;1.14;5.74
2021-07-07 00:00:00-03:00;18.899999618530273;19.700000762939453;18.860000610351562;19.0;18.321392059326172;953100;2.1;7.84
2021-07-08 00:00:00-03:00;18.25;18.920000076293945;18.149999618530273;18.25;17.59817886352539;461700;-3.95;3.8899999999999997
2021-07-12 00:00:00-03:00;18.309999465942383;19.0;17.950000762939453;18.489999771118164;17.829607009887695;507500;1.32;5.21
2021-07-13 00:00:00-03:00;18.260000228881836;18.770000457763672;18.010000228881836;18.760000228881836;18.0899658203125;354100;1.46;6.67
2021-07-14 00:00:00-03:00;19.0;19.489999771118164;18.25;18.309999465942383;17.656036376953125;475700;-2.4;4.27
2021-07-15 00:00:00-03:00;18.299999237060547;18.3700008392334;17.5;17.5;16.874969482421875;1175300;-4.42;-0.15000000000000036
2021-07-16 00:00:00-03:00;17.350000381469727;18.8799991607666;17.149999618530273;18.25;17.59817886352539;811800;4.29;4.14
2021-07-19 00:00:00-03:00;17.75;18.469999313354492;17.299999237060547;17.75;17.11603546142578;839000;-2.74;1.3999999999999995
2021-07-20 00:00:00-03:00;17.780000686645508;18.0;17.59000015258789;17.760000228881836;17.12567901611328;312400;0.06;1.4599999999999995
2021-07-21 00:00:00-03:00;17.809999465942383;18.790000915527344;17.809999465942383;18.200000762939453;17.54996681213379;915700;2.48;3.9399999999999995
2021-07-22 00:00:00-03:00;18.190000534057617;18.5;18.079999923706055;18.079999923706055;17.43425178527832;345100;-0.66;3.2799999999999994
2021-07-23 00:00:00-03:00;18.079999923706055;18.5;17.90999984741211;18.5;17.839250564575195;431800;2.32;5.6
2021-07-26 00:00:00-03:00;18.520000457763672;18.940000534057617;18.059999465942383;18.6200008392334;17.954967498779297;639800;0.65;6.25
2021-07-27 00:00:00-03:00;18.299999237060547;18.5;17.719999313354492;17.84000015258789;17.20282554626465;478600;-4.19;2.0599999999999996
2021-07-28 00:00:00-03:00;17.850000381469727;18.350000381469727;17.799999237060547;18.200000762939453;17.54996681213379;327200;2.02;4.08
2021-07-29 00:00:00-03:00;18.100000381469727;18.139999389648438;17.450000762939453;17.450000762939453;16.826753616333008;332500;-4.12;-0.040000000000000036
2021-07-30 00:00:00-03:00;17.25;17.5;16.209999084472656;16.520000457763672;15.92996883392334;753700;-5.33;-5.37
2021-08-02 00:00:00-03:00;16.969999313354492;17.200000762939453;16.309999465942383;16.399999618530273;15.814253807067871;706000;-0.73;-6.1
2021-08-03 00:00:00-03:00;16.5;16.5;15.8100004196167;16.459999084472656;15.872109413146973;473300;0.37;-5.7299999999999995
2021-08-04 00:00:00-03:00;16.350000381469727;17.139999389648438;16.34000015258789;16.459999084472656;15.872109413146973;453200;0.0;-5.7299999999999995
2021-08-05 00:00:00-03:00;16.549999237060547;16.940000534057617;15.760000228881836;16.700000762939453;16.103538513183594;583100;1.46;-4.27
2021-08-06 00:00:00-03:00;16.68000030517578;16.860000610351562;16.329999923706055;16.329999923706055;15.74675464630127;175100;-2.22;-6.49
2021-08-09 00:00:00-03:00;16.350000381469727;16.559999465942383;15.989999771118164;15.989999771118164;15.418898582458496;270500;-2.08;-8.57
2021-08-10 00:00:00-03:00;16.059999465942383;16.43000030517578;16.010000228881836;16.43000030517578;15.843182563781738;317700;2.75;-5.82
2021-08-11 00:00:00-03:00;16.75;17.600000381469727;16.75;17.399999618530273;16.77853775024414;1626300;5.9;0.08000000000000007
2021-08-12 00:00:00-03:00;17.399999618530273;17.549999237060547;16.799999237060547;17.399999618530273;16.77853775024414;325800;0.0;0.08000000000000007
2021-08-13 00:00:00-03:00;17.399999618530273;17.639999389648438;16.559999465942383;17.200000762939453;16.585681915283203;756700;-1.15;-1.0699999999999998
2021-08-16 00:00:00-03:00;17.059999465942383;17.15999984741211;15.949999809265137;15.949999809265137;15.380327224731445;323900;-7.27;-8.34
2021-08-17 00:00:00-03:00;15.90999984741211;15.90999984741211;14.710000038146973;14.850000381469727;14.31961441040039;929200;-6.9;-15.24
2021-08-18 00:00:00-03:00;15.09000015258789;15.15999984741211;14.279999732971191;14.319999694824219;13.80854320526123;1086600;-3.57;-18.81
2021-08-19 00:00:00-03:00;14.15999984741211;14.710000038146973;14.029999732971191;14.699999809265137;14.174971580505371;648700;2.65;-16.16
2021-08-20 00:00:00-03:00;14.649999618530273;14.899999618530273;14.260000228881836;14.609999656677246;14.088187217712402;719300;-0.61;-16.77
2021-08-23 00:00:00-03:00;14.65999984741211;15.100000381469727;14.640000343322754;15.0;14.46425724029541;750300;2.67;-14.1
2021-08-24 00:00:00-03:00;14.930000305175781;15.989999771118164;14.930000305175781;15.989999771118164;15.418898582458496;656300;6.6;-7.5
2021-08-25 00:00:00-03:00;15.930000305175781;16.200000762939453;15.649999618530273;16.059999465942383;15.486396789550781;500000;0.44;-7.06
2021-08-26 00:00:00-03:00;16.0;16.549999237060547;15.829999923706055;16.5;15.910680770874023;816500;2.74;-4.319999999999999
2021-08-27 00:00:00-03:00;16.350000381469727;17.149999618530273;16.209999084472656;17.149999618530273;16.53746795654297;743700;3.94;-0.37999999999999945
2021-08-30 00:00:00-03:00;17.0;18.0;16.850000381469727;18.0;17.35710906982422;1015100;4.96;4.58
2021-08-31 00:00:00-03:00;17.969999313354492;18.799999237060547;17.610000610351562;18.799999237060547;18.1285343170166;1217500;4.44;9.02
2021-09-01 00:00:00-03:00;18.809999465942383;18.889999389648438;18.15999984741211;18.5;17.839250564575195;727600;-1.6;7.42
2021-09-02 00:00:00-03:00;18.469999313354492;18.81999969482422;17.709999084472656;18.25;17.59817886352539;1267700;-1.35;6.07
2021-09-03 00:00:00-03:00;18.399999618530273;18.440000534057617;17.829999923706055;18.260000228881836;17.60782241821289;923200;0.05;6.12
2021-09-06 00:00:00-03:00;18.260000228881836;18.260000228881836;17.56999969482422;17.809999465942383;17.17389488220215;338400;-2.46;3.66
2021-09-08 00:00:00-03:00;17.5;17.84000015258789;16.799999237060547;16.889999389648438;16.286752700805664;311700;-5.17;-1.5099999999999998
2021-09-09 00:00:00-03:00;16.950000762939453;17.739999771118164;16.299999237060547;17.459999084472656;16.836395263671875;354400;3.37;1.8600000000000003
2021-09-10 00:00:00-03:00;17.600000381469727;18.010000228881836;16.8799991607666;17.649999618530273;17.019609451293945;314200;1.09;2.95
2021-09-13 00:00:00-03:00;17.8700008392334;18.049999237060547;17.549999237060547;17.709999084472656;17.077465057373047;276900;0.34;3.29
2021-09-14 00:00:00-03:00;17.850000381469727;17.8799991607666;17.239999771118164;17.68000030517578;17.04853630065918;321800;-0.17;3.12
2021-09-15 00:00:00-03:00;17.549999237060547;17.739999771118164;17.270000457763672;17.5;16.874969482421875;365400;-1.02;2.1
2021-09-16 00:00:00-03:00;17.34000015258789;17.899999618530273;16.969999313354492;17.860000610351562;17.222110748291016;368300;2.06;4.16
2021-09-17 00:00:00-03:00;17.84000015258789;17.84000015258789;17.0;17.75;17.11603546142578;508100;-0.62;3.54
2021-09-20 00:00:00-03:00;17.18000030517578;17.700000762939453;16.850000381469727;17.079999923706055;16.469966888427734;324300;-3.77;-0.22999999999999998
2021-09-21 00:00:00-03:00;17.1299991607666;17.329999923706055;16.809999465942383;16.920000076293945;16.3156795501709;578600;-0.94;-1.17
2021-09-22 00:00:00-03:00;17.010000228881836;17.110000610351562;16.65999984741211;17.0;16.392824172973633;298500;0.47;-0.7
2021-09-23 00:00:00-03:00;16.989999771118164;17.440000534057617;16.84000015258789;17.0;16.392824172973633;373700;0.0;-0.7
2021-09-24 00:00:00-03:00;16.989999771118164;16.989999771118164;16.68000030517578;16.760000228881836;16.161396026611328;113500;-1.41;-2.11
2021-09-27 00:00:00-03:00;16.760000228881836;17.31999969482422;16.68000030517578;16.860000610351562;16.25782585144043;201800;0.6;-1.5099999999999998
2021-09-28 00:00:00-03:00;16.6299991607666;17.0;16.440000534057617;16.5;15.976590156555176;365700;-1.73;-3.2399999999999998
2021-09-29 00:00:00-03:00;16.600000381469727;16.8799991607666;16.239999771118164;16.790000915527344;16.25739288330078;609200;1.76;-1.4799999999999998
2021-09-30 00:00:00-03:00;16.639999389648438;17.1299991607666;16.440000534057617;17.1299991607666;16.58660316467285;708800;2.02;0.5400000000000003
2021-10-01 00:00:00-03:00;17.020000457763672;17.149999618530273;16.920000076293945;17.0;16.460729598999023;307300;-0.76;-0.21999999999999975
2021-10-04 00:00:00-03:00;16.989999771118164;17.149999618530273;16.510000228881836;16.670000076293945;16.141199111938477;248700;-1.94;-2.1599999999999997
2021-10-05 00:00:00-03:00;16.6200008392334;16.6200008392334;15.75;15.75;15.250381469726562;491200;-5.52;-7.68
2021-10-06 00:00:00-03:00;15.569999694824219;15.569999694824219;14.850000381469727;15.100000381469727;14.621001243591309;694400;-4.13;-11.809999999999999
2021-10-07 00:00:00-03:00;15.470000267028809;15.859999656677246;15.010000228881836;15.34000015258789;14.853387832641602;486400;1.59;-10.219999999999999
2021-10-08 00:00:00-03:00;15.859999656677246;15.859999656677246;15.350000381469727;15.399999618530273;14.911484718322754;220300;0.39;-9.829999999999998
2021-10-11 00:00:00-03:00;15.220000267028809;15.770000457763672;15.170000076293945;15.170000076293945;14.688779830932617;106900;-1.49;-11.319999999999999
2021-10-13 00:00:00-03:00;14.75;15.229999542236328;14.75;14.920000076293945;14.446711540222168;328500;-1.65;-12.969999999999999
2021-10-14 00:00:00-03:00;15.0;15.149999618530273;14.470000267028809;14.600000381469727;14.136861801147461;484400;-2.14;-15.11
2021-10-15 00:00:00-03:00;14.579999923706055;14.770000457763672;14.5;14.600000381469727;14.136861801147461;238100;0.0;-15.11
2021-10-18 00:00:00-03:00;14.520000457763672;14.65999984741211;14.300000190734863;14.369999885559082;13.914156913757324;439400;-1.58;-16.689999999999998
2021-10-19 00:00:00-03:00;14.390000343322754;14.399999618530273;13.800000190734863;14.069999694824219;13.623673439025879;526400;-2.09;-18.779999999999998
2021-10-20 00:00:00-03:00;14.100000381469727;14.199999809265137;13.960000038146973;14.050000190734863;13.60430908203125;166100;-0.14;-18.919999999999998
2021-10-21 00:00:00-03:00;13.869999885559082;13.899999618530273;12.850000381469727;12.850000381469727;12.442375183105469;774200;-8.54;-27.459999999999997
2021-10-22 00:00:00-03:00;12.850000381469727;12.899999618530273;11.5;12.15999984741211;11.774262428283691;1925900;-5.37;-32.83
2021-10-25 00:00:00-03:00;12.359999656677246;12.9399995803833;11.84000015258789;12.90999984741211;12.500472068786621;929300;6.17;-26.659999999999997
2021-10-26 00:00:00-03:00;12.890000343322754;12.890000343322754;12.039999961853027;12.289999961853027;11.900137901306152;586100;-4.8;-31.459999999999997
2021-10-27 00:00:00-03:00;12.359999656677246;12.470000267028809;12.100000381469727;12.279999732971191;11.89045524597168;330300;-0.08;-31.539999999999996
2021-10-28 00:00:00-03:00;12.279999732971191;12.300000190734863;11.699999809265137;11.739999771118164;11.367586135864258;453500;-4.4;-35.94
2021-10-29 00:00:00-03:00;11.779999732971191;12.050000190734863;11.399999618530273;11.710000038146973;11.33853816986084;482300;-0.26;-36.199999999999996
2021-11-01 00:00:00-03:00;11.899999618530273;11.899999618530273;11.550000190734863;11.619999885559082;11.251392364501953;256600;-0.77;-36.97
2021-11-03 00:00:00-03:00;11.619999885559082;12.079999923706055;11.609999656677246;11.869999885559082;11.493461608886719;471600;2.15;-34.82
2021-11-04 00:00:00-03:00;11.930000305175781;12.529999732971191;11.460000038146973;12.300000190734863;11.909821510314941;506000;3.62;-31.2
2021-11-05 00:00:00-03:00;12.289999961853027;12.619999885559082;12.180000305175781;12.180000305175781;11.793628692626953;176400;-0.98;-32.18
2021-11-08 00:00:00-03:00;12.199999809265137;12.4399995803833;11.899999618530273;12.380000114440918;11.987283706665039;259800;1.64;-30.54
2021-11-09 00:00:00-03:00;12.300000190734863;12.699999809265137;12.050000190734863;12.529999732971191;12.132525444030762;164100;1.21;-29.33
2021-11-10 00:00:00-03:00;12.600000381469727;13.699999809265137;12.600000381469727;13.34000015258789;12.916831016540527;372000;6.46;-22.869999999999997
2021-11-11 00:00:00-03:00;13.5;13.90999984741211;12.8100004196167;13.789999961853027;13.352556228637695;560700;3.37;-19.499999999999996
2021-11-12 00:00:00-03:00;14.489999771118164;14.65999984741211;13.800000190734863;13.899999618530273;13.459067344665527;777200;0.8;-18.699999999999996
2021-11-16 00:00:00-03:00;14.109999656677246;14.5;13.239999771118164;13.720000267028809;13.284777641296387;363800;-1.29;-19.989999999999995
2021-11-17 00:00:00-03:00;13.6899995803833;13.819999694824219;12.8100004196167;13.09000015258789;12.674760818481445;432900;-4.59;-24.579999999999995
2021-11-18 00:00:00-03:00;12.800000190734863;12.979999542236328;11.930000305175781;12.0600004196167;11.677434921264648;643000;-7.87;-32.449999999999996
2021-11-19 00:00:00-03:00;12.09000015258789;12.399999618530273;11.829999923706055;12.100000381469727;11.716166496276855;512700;0.33;-32.12
2021-11-22 00:00:00-03:00;12.069999694824219;12.15999984741211;11.180000305175781;11.600000381469727;11.305641174316406;443300;-3.5;-35.62
2021-11-23 00:00:00-03:00;11.579999923706055;11.579999923706055;11.039999961853027;11.109999656677246;10.82807445526123;419800;-4.22;-39.839999999999996
2021-11-24 00:00:00-03:00;11.199999809265137;11.5600004196167;11.079999923706055;11.520000457763672;11.227670669555664;335900;3.69;-36.15
2021-11-25 00:00:00-03:00;11.600000381469727;11.84000015258789;11.600000381469727;11.760000228881836;11.461580276489258;304900;2.08;-34.07
2021-11-26 00:00:00-03:00;11.520000457763672;11.520000457763672;10.789999961853027;11.329999923706055;11.042491912841797;590000;-3.66;-37.730000000000004
2021-11-29 00:00:00-03:00;11.510000228881836;11.800000190734863;11.25;11.369999885559082;11.081476211547852;210200;0.35;-37.38
2021-11-30 00:00:00-03:00;11.130000114440918;11.289999961853027;10.550000190734863;10.630000114440918;10.360254287719727;583400;-6.51;-43.89
2021-12-01 00:00:00-03:00;10.760000228881836;11.09000015258789;10.15999984741211;10.199999809265137;9.941165924072266;312100;-4.05;-47.94
2021-12-02 00:00:00-03:00;10.350000381469727;10.720000267028809;10.229999542236328;10.25;9.989897727966309;529700;0.49;-47.449999999999996
2021-12-03 00:00:00-03:00;10.539999961853027;10.770000457763672;10.399999618530273;10.5;10.233552932739258;425000;2.44;-45.01
2021-12-06 00:00:00-03:00;10.65999984741211;10.970000267028809;10.489999771118164;10.680000305175781;10.40898609161377;169500;1.71;-43.3
2021-12-07 00:00:00-03:00;10.609999656677246;10.6899995803833;10.4399995803833;10.600000381469727;10.331016540527344;268700;-0.75;-44.05
2021-12-08 00:00:00-03:00;10.460000038146973;10.800000190734863;10.34000015258789;10.420000076293945;10.155584335327148;248400;-1.7;-45.75
2021-12-09 00:00:00-03:00;10.470000267028809;10.619999885559082;10.0600004196167;10.399999618530273;10.136091232299805;281500;-0.19;-45.94
2021-12-10 00:00:00-03:00;10.550000190734863;11.15999984741211;10.449999809265137;11.09000015258789;10.808581352233887;615700;6.63;-39.309999999999995
2021-12-13 00:00:00-03:00;11.149999618530273;11.4399995803833;10.899999618530273;11.020000457763672;10.74035930633545;157300;-0.63;-39.94
2021-12-14 00:00:00-03:00;10.829999923706055;10.829999923706055;9.579999923706055;9.770000457763672;9.522078514099121;984500;-11.34;-51.28
2021-12-15 00:00:00-03:00;9.680000305175781;9.6899995803833;9.270000457763672;9.380000114440918;9.141975402832031;440300;-3.99;-55.27
2021-12-16 00:00:00-03:00;9.449999809265137;10.079999923706055;9.420000076293945;9.989999771118164;9.736495971679688;1419100;6.5;-48.77
2021-12-17 00:00:00-03:00;9.800000190734863;10.359999656677246;9.5;10.270000457763672;10.009390830993652;206900;2.8;-45.970000000000006
2021-12-20 00:00:00-03:00;10.050000190734863;10.510000228881836;10.050000190734863;10.40999984741211;10.145837783813477;179100;1.36;-44.61000000000001
2021-12-21 00:00:00-03:00;10.1899995803833;10.5;9.729999542236328;10.270000457763672;10.009390830993652;365900;-1.34;-45.95000000000001
2021-12-22 00:00:00-03:00;10.630000114440918;10.899999618530273;10.069999694824219;10.229999542236328;9.970404624938965;95100;-0.39;-46.34000000000001
2021-12-23 00:00:00-03:00;10.59000015258789;10.600000381469727;10.229999542236328;10.380000114440918;10.116599082946777;130200;1.47;-44.87000000000001
2021-12-27 00:00:00-03:00;10.260000228881836;10.850000381469727;10.260000228881836;10.670000076293945;10.399239540100098;151400;2.79;-42.08000000000001
2021-12-28 00:00:00-03:00;10.649999618530273;10.75;10.3100004196167;10.4399995803833;10.175076484680176;176700;-2.16;-44.24000000000001
2021-12-29 00:00:00-03:00;10.289999961853027;10.489999771118164;10.029999732971191;10.15999984741211;9.902180671691895;125100;-2.68;-46.92000000000001
2021-12-30 00:00:00-03:00;10.489999771118164;11.050000190734863;10.229999542236328;10.930000305175781;10.652642250061035;931200;7.58;-39.34000000000001
2022-01-03 00:00:00-03:00;10.800000190734863;11.470000267028809;10.710000038146973;11.119999885559082;10.837821006774902;611200;1.74;-37.60000000000001
2022-01-04 00:00:00-03:00;11.130000114440918;11.399999618530273;10.210000038146973;10.270000457763672;10.009390830993652;368500;-7.64;-45.24000000000001
2022-01-05 00:00:00-03:00;10.050000190734863;10.09000015258789;9.050000190734863;9.050000190734863;8.820348739624023;663100;-11.88;-57.12000000000001
2022-01-06 00:00:00-03:00;9.0;9.210000038146973;8.430000305175781;8.489999771118164;8.274559020996094;988800;-6.19;-63.31000000000001
2022-01-07 00:00:00-03:00;11.649999618530273;12.329999923706055;11.600000381469727;12.0600004196167;11.75396728515625;9862300;42.05;-21.260000000000012
2022-01-10 00:00:00-03:00;12.100000381469727;12.100000381469727;11.15999984741211;11.739999771118164;11.44208812713623;1890300;-2.65;-23.91000000000001
2022-01-11 00:00:00-03:00;11.850000381469727;12.930000305175781;11.520000457763672;12.619999885559082;12.29975700378418;2888700;7.5;-16.41000000000001
2022-01-12 00:00:00-03:00;12.800000190734863;12.960000038146973;12.399999618530273;12.829999923706055;12.504427909851074;1530100;1.66;-14.75000000000001
2022-01-13 00:00:00-03:00;12.649999618530273;12.65999984741211;12.149999618530273;12.399999618530273;12.085339546203613;757400;-3.35;-18.100000000000012
2022-01-14 00:00:00-03:00;12.300000190734863;12.300000190734863;11.720000267028809;11.770000457763672;11.47132682800293;334200;-5.08;-23.180000000000014
2022-01-17 00:00:00-03:00;11.970000267028809;12.180000305175781;11.720000267028809;12.029999732971191;11.72472858428955;293000;2.21;-20.970000000000013
2022-01-18 00:00:00-03:00;11.8100004196167;12.0;11.489999771118164;11.569999694824219;11.27640151977539;198000;-3.82;-24.790000000000013
2022-01-19 00:00:00-03:00;11.59000015258789;12.09000015258789;11.369999885559082;11.90999984741211;11.607773780822754;937500;2.94;-21.850000000000012
2022-01-20 00:00:00-03:00;11.979999542236328;12.6899995803833;11.920000076293945;12.600000381469727;12.280264854431152;1154100;5.79;-16.060000000000013
2022-01-21 00:00:00-03:00;12.25;12.59000015258789;11.859999656677246;11.890000343322754;11.588281631469727;587000;-5.63;-21.690000000000012
2022-01-24 00:00:00-03:00;12.100000381469727;12.199999809265137;11.529999732971191;11.930000305175781;11.627266883850098;1069200;0.34;-21.350000000000012
2022-01-25 00:00:00-03:00;12.180000305175781;12.640000343322754;11.930000305175781;12.569999694824219;12.251025199890137;2022200;5.36;-15.990000000000013
2022-01-26 00:00:00-03:00;12.890000343322754;13.329999923706055;12.739999771118164;12.789999961853027;12.465442657470703;1096500;1.75;-14.240000000000013
2022-01-27 00:00:00-03:00;13.119999885559082;13.420000076293945;12.829999923706055;13.079999923706055;12.748083114624023;362000;2.27;-11.970000000000013
2022-01-28 00:00:00-03:00;12.850000381469727;13.100000381469727;12.569999694824219;12.819999694824219;12.494681358337402;694700;-1.99;-13.960000000000013
2022-01-31 00:00:00-03:00;12.989999771118164;13.579999923706055;12.729999542236328;13.420000076293945;13.079456329345703;1239900;4.68;-9.280000000000014
2022-02-01 00:00:00-03:00;13.550000190734863;13.630000114440918;13.109999656677246;13.449999809265137;13.108695030212402;259000;0.22;-9.060000000000013
2022-02-02 00:00:00-03:00;13.40999984741211;13.649999618530273;12.960000038146973;13.199999809265137;12.865038871765137;100900;-1.86;-10.920000000000012
2022-02-03 00:00:00-03:00;13.0600004196167;13.15999984741211;12.40999984741211;12.75;12.426458358764648;208400;-3.41;-14.330000000000013
2022-02-04 00:00:00-03:00;12.65999984741211;12.949999809265137;12.170000076293945;12.949999809265137;12.621382713317871;666500;1.57;-12.760000000000012
2022-02-07 00:00:00-03:00;13.3100004196167;13.369999885559082;12.75;13.020000457763672;12.689606666564941;135500;0.54;-12.220000000000013
2022-02-08 00:00:00-03:00;12.710000038146973;12.850000381469727;12.550000190734863;12.739999771118164;12.416711807250977;173900;-2.15;-14.370000000000013
2022-02-09 00:00:00-03:00;12.960000038146973;13.789999961853027;12.960000038146973;13.699999809265137;13.352351188659668;369400;7.54;-6.830000000000013
2022-02-10 00:00:00-03:00;13.699999809265137;14.079999923706055;13.119999885559082;13.170000076293945;12.835800170898438;476400;-3.87;-10.700000000000014
2022-02-11 00:00:00-03:00;13.279999732971191;13.75;12.949999809265137;13.239999771118164;12.904023170471191;850500;0.53;-10.170000000000014
2022-02-14 00:00:00-03:00;13.510000228881836;13.630000114440918;13.0600004196167;13.149999618530273;12.81630802154541;215800;-0.68;-10.850000000000014
2022-02-15 00:00:00-03:00;13.300000190734863;13.8100004196167;13.300000190734863;13.789999961853027;13.440067291259766;227300;4.87;-5.980000000000014
2022-02-16 00:00:00-03:00;13.850000381469727;14.09000015258789;13.630000114440918;14.010000228881836;13.654484748840332;368400;1.6;-4.380000000000013
2022-02-17 00:00:00-03:00;14.109999656677246;14.199999809265137;13.600000381469727;13.670000076293945;13.323111534118652;430900;-2.43;-6.810000000000013
2022-02-18 00:00:00-03:00;13.65999984741211;14.010000228881836;13.420000076293945;13.600000381469727;13.254889488220215;430300;-0.51;-7.320000000000013
2022-02-21 00:00:00-03:00;13.729999542236328;13.760000228881836;13.1899995803833;13.1899995803833;12.855292320251465;840900;-3.01;-10.330000000000013
2022-02-22 00:00:00-03:00;13.399999618530273;13.619999885559082;13.069999694824219;13.329999923706055;12.991740226745605;276700;1.06;-9.270000000000012
2022-02-23 00:00:00-03:00;13.369999885559082;13.649999618530273;12.710000038146973;12.739999771118164;12.416711807250977;681900;-4.43;-13.700000000000012
2022-02-24 00:00:00-03:00;12.609999656677246;12.760000228881836;12.0;12.670000076293945;12.348487854003906;332200;-0.55;-14.250000000000012
2022-02-25 00:00:00-03:00;12.90999984741211;12.9399995803833;12.369999885559082;12.609999656677246;12.290010452270508;293000;-0.47;-14.720000000000013
2022-03-02 00:00:00-03:00;12.800000190734863;12.800000190734863;11.579999923706055;12.220000267028809;11.909907341003418;602700;-3.09;-17.810000000000013
2022-03-03 00:00:00-03:00;12.289999961853027;12.510000228881836;11.739999771118164;11.829999923706055;11.529803276062012;329200;-3.19;-21.000000000000014
2022-03-04 00:00:00-03:00;11.890000343322754;11.949999809265137;11.430000305175781;11.449999809265137;11.159446716308594;221500;-3.21;-24.210000000000015
2022-03-07 00:00:00-03:00;11.199999809265137;11.399999618530273;10.350000381469727;10.40999984741211;10.145837783813477;334700;-9.08;-33.29000000000001
2022-03-08 00:00:00-03:00;10.369999885559082;10.8100004196167;10.15999984741211;10.6899995803833;10.418731689453125;333500;2.69;-30.600000000000012
2022-03-09 00:00:00-03:00;10.779999732971191;11.90999984741211;10.779999732971191;11.90999984741211;11.607773780822754;263300;11.41;-19.190000000000012
2022-03-10 00:00:00-03:00;11.949999809265137;11.960000038146973;11.569999694824219;11.779999732971191;11.481072425842285;197000;-1.09;-20.280000000000012
2022-03-11 00:00:00-03:00;11.989999771118164;12.109999656677246;11.319999694824219;11.40999984741211;11.120461463928223;155000;-3.14;-23.420000000000012
2022-03-14 00:00:00-03:00;11.520000457763672;11.649999618530273;11.020000457763672;11.140000343322754;10.857314109802246;233200;-2.37;-25.790000000000013
2022-03-15 00:00:00-03:00;11.0600004196167;11.550000190734863;10.720000267028809;11.550000190734863;11.256909370422363;293600;3.68;-22.110000000000014
2022-03-16 00:00:00-03:00;11.640000343322754;12.40999984741211;11.640000343322754;12.380000114440918;12.065847396850586;308500;7.19;-14.920000000000012
2022-03-17 00:00:00-03:00;12.369999885559082;12.369999885559082;11.779999732971191;12.140000343322754;11.831937789916992;299500;-1.94;-16.860000000000014
2022-03-18 00:00:00-03:00;12.020000457763672;12.5600004196167;11.920000076293945;12.449999809265137;12.13407039642334;356100;2.55;-14.310000000000013
2022-03-21 00:00:00-03:00;12.239999771118164;12.390000343322754;11.890000343322754;12.15999984741211;11.85142993927002;762400;-2.33;-16.640000000000015
2022-03-22 00:00:00-03:00;12.1899995803833;12.729999542236328;12.1899995803833;12.680000305175781;12.358234405517578;283500;4.28;-12.360000000000014
2022-03-23 00:00:00-03:00;12.65999984741211;12.65999984741211;11.430000305175781;11.630000114440918;11.334878921508789;1331000;-8.28;-20.640000000000015
2022-03-24 00:00:00-03:00;11.65999984741211;11.869999885559082;11.399999618530273;11.850000381469727;11.615706443786621;451300;2.48;-18.160000000000014
2022-03-25 00:00:00-03:00;11.850000381469727;11.989999771118164;11.5;11.699999809265137;11.468671798706055;386100;-1.27;-19.430000000000014
2022-03-28 00:00:00-03:00;11.640000343322754;11.970000267028809;11.449999809265137;11.729999542236328;11.498078346252441;209100;0.26;-19.170000000000012
2022-03-29 00:00:00-03:00;11.899999618530273;12.199999809265137;11.770000457763672;12.170000076293945;11.9293794631958;232400;3.75;-15.420000000000012
2022-03-30 00:00:00-03:00;12.050000190734863;12.0600004196167;11.420000076293945;11.4399995803833;11.213812828063965;518600;-6.0;-21.420000000000012
2022-03-31 00:00:00-03:00;11.5;11.600000381469727;10.819999694824219;11.029999732971191;10.811919212341309;658100;-3.58;-25.000000000000014
2022-04-01 00:00:00-03:00;11.069999694824219;11.300000190734863;10.989999771118164;11.300000190734863;11.076581001281738;290700;2.45;-22.550000000000015
2022-04-04 00:00:00-03:00;11.380000114440918;11.5;11.050000190734863;11.34000015258789;11.115790367126465;209300;0.35;-22.200000000000014
2022-04-05 00:00:00-03:00;11.380000114440918;11.489999771118164;10.9399995803833;11.180000305175781;10.958953857421875;353000;-1.41;-23.610000000000014
2022-04-06 00:00:00-03:00;11.180000305175781;11.180000305175781;10.720000267028809;10.75;10.537454605102539;504000;-3.85;-27.460000000000015
2022-04-07 00:00:00-03:00;10.699999809265137;11.199999809265137;10.699999809265137;11.069999694824219;10.851127624511719;551700;2.98;-24.480000000000015
2022-04-08 00:00:00-03:00;11.130000114440918;11.1899995803833;10.640000343322754;10.75;10.537454605102539;371500;-2.89;-27.370000000000015
2022-04-11 00:00:00-03:00;10.630000114440918;10.770000457763672;10.420000076293945;10.760000228881836;10.547258377075195;309400;0.09;-27.280000000000015
2022-04-12 00:00:00-03:00;10.760000228881836;10.970000267028809;10.270000457763672;10.399999618530273;10.194375038146973;320000;-3.35;-30.630000000000017
2022-04-13 00:00:00-03:00;10.5;10.539999961853027;10.180000305175781;10.520000457763672;10.312003135681152;265600;1.15;-29.480000000000018
2022-04-14 00:00:00-03:00;10.529999732971191;10.529999732971191;9.880000114440918;10.09000015258789;9.890504837036133;502100;-4.09;-33.57000000000002
2022-04-18 00:00:00-03:00;10.130000114440918;10.130000114440918;9.6899995803833;9.819999694824219;9.625843048095703;1167900;-2.68;-36.25000000000002
2022-04-19 00:00:00-03:00;9.75;10.229999542236328;9.6899995803833;10.039999961853027;9.841492652893066;344100;2.24;-34.01000000000002
2022-04-20 00:00:00-03:00;10.010000228881836;10.180000305175781;9.800000190734863;9.970000267028809;9.772876739501953;253100;-0.7;-34.71000000000002
2022-04-22 00:00:00-03:00;9.800000190734863;9.819999694824219;9.270000457763672;9.449999809265137;9.263158798217773;790300;-5.22;-39.93000000000002
2022-04-25 00:00:00-03:00;9.380000114440918;9.829999923706055;9.170000076293945;9.789999961853027;9.596435546875;430700;3.6;-36.33000000000002
2022-04-26 00:00:00-03:00;9.640000343322754;9.75;9.239999771118164;9.350000381469727;9.165135383605957;348700;-4.49;-40.82000000000002
2022-04-27 00:00:00-03:00;9.5;9.569999694824219;9.0600004196167;9.09000015258789;8.910276412963867;472700;-2.78;-43.60000000000002
2022-04-28 00:00:00-03:00;9.109999656677246;9.539999961853027;9.020000457763672;9.449999809265137;9.263158798217773;574300;3.96;-39.64000000000002
2022-04-29 00:00:00-03:00;9.5;9.670000076293945;9.149999618530273;9.329999923706055;9.145530700683594;1763600;-1.27;-40.910000000000025
2022-05-02 00:00:00-03:00;9.329999923706055;9.380000114440918;9.0;9.380000114440918;9.19454288482666;289300;0.54;-40.370000000000026
2022-05-03 00:00:00-03:00;9.420000076293945;9.420000076293945;8.850000381469727;9.100000381469727;8.92007827758789;904300;-2.99;-43.36000000000003
2022-05-04 00:00:00-03:00;8.90999984741211;8.9399995803833;7.429999828338623;8.34000015258789;8.175105094909668;2234900;-8.35;-51.71000000000003
2022-05-05 00:00:00-03:00;8.329999923706055;8.329999923706055;7.900000095367432;8.239999771118164;8.077081680297852;831400;-1.2;-52.91000000000003
2022-05-06 00:00:00-03:00;8.039999961853027;8.239999771118164;7.78000020980835;7.869999885559082;7.714397430419922;452100;-4.49;-57.400000000000034
2022-05-09 00:00:00-03:00;7.679999828338623;7.880000114440918;7.239999771118164;7.460000038146973;7.312503814697266;577600;-5.21;-62.610000000000035
2022-05-10 00:00:00-03:00;7.619999885559082;7.75;7.269999980926514;7.420000076293945;7.273294925689697;375600;-0.54;-63.150000000000034
2022-05-11 00:00:00-03:00;7.489999771118164;7.539999961853027;7.090000152587891;7.260000228881836;7.116458415985107;438900;-2.16;-65.31000000000003
2022-05-12 00:00:00-03:00;7.099999904632568;8.239999771118164;7.099999904632568;7.760000228881836;7.60657262802124;428800;6.89;-58.42000000000003
2022-05-13 00:00:00-03:00;7.71999979019165;8.010000228881836;7.570000171661377;7.829999923706055;7.6751885414123535;1702200;0.9;-57.52000000000003
2022-05-16 00:00:00-03:00;7.820000171661377;7.829999923706055;7.349999904632568;7.349999904632568;7.204678535461426;593900;-6.13;-63.650000000000034
2022-05-17 00:00:00-03:00;7.449999809265137;7.639999866485596;7.309999942779541;7.619999885559082;7.4693403244018555;616300;3.67;-59.98000000000003
2022-05-18 00:00:00-03:00;7.590000152587891;7.590000152587891;7.269999980926514;7.449999809265137;7.302701473236084;480100;-2.23;-62.21000000000003
2022-05-19 00:00:00-03:00;7.400000095367432;7.900000095367432;7.25;7.900000095367432;7.743804454803467;346600;6.04;-56.17000000000003
2022-05-20 00:00:00-03:00;7.920000076293945;8.079999923706055;7.670000076293945;7.96999979019165;7.81242036819458;695900;0.89;-55.28000000000003
2022-05-23 00:00:00-03:00;7.96999979019165;8.0600004196167;7.739999771118164;7.989999771118164;7.832025051116943;528800;0.25;-55.03000000000003
2022-05-24 00:00:00-03:00;7.880000114440918;7.909999847412109;7.510000228881836;7.699999809265137;7.547758102416992;327000;-3.63;-58.66000000000003
2022-05-25 00:00:00-03:00;7.730000019073486;7.989999771118164;7.5;7.96999979019165;7.81242036819458;280500;3.51;-55.150000000000034
2022-05-26 00:00:00-03:00;7.909999847412109;8.380000114440918;7.900000095367432;8.359999656677246;8.194708824157715;482700;4.89;-50.26000000000003
2022-05-27 00:00:00-03:00;8.180000305175781;8.470000267028809;8.119999885559082;8.470000267028809;8.399263381958008;442600;2.5;-47.76000000000003
2022-05-30 00:00:00-03:00;8.390000343322754;8.5600004196167;8.25;8.430000305175781;8.359597206115723;290900;-0.47;-48.23000000000003
2022-05-31 00:00:00-03:00;8.479999542236328;8.5;8.15999984741211;8.350000381469727;8.280264854431152;375400;-0.95;-49.180000000000035
2022-06-01 00:00:00-03:00;8.25;8.399999618530273;8.020000457763672;8.09000015258789;8.022436141967773;479900;-3.11;-52.290000000000035
2022-06-02 00:00:00-03:00;8.140000343322754;8.630000114440918;7.96999979019165;8.619999885559082;8.548009872436523;702600;6.55;-45.74000000000004
2022-06-03 00:00:00-03:00;8.6899995803833;8.6899995803833;8.300000190734863;8.449999809265137;8.379429817199707;358200;-1.97;-47.710000000000036
2022-06-06 00:00:00-03:00;8.5;8.529999732971191;8.289999961853027;8.390000343322754;8.319931030273438;400600;-0.71;-48.42000000000004
2022-06-07 00:00:00-03:00;8.470000267028809;8.920000076293945;8.199999809265137;8.899999618530273;8.825671195983887;896400;6.08;-42.34000000000004
2022-06-08 00:00:00-03:00;8.859999656677246;8.859999656677246;8.4399995803833;8.600000381469727;8.528177261352539;1978200;-3.37;-45.710000000000036
2022-06-09 00:00:00-03:00;8.520000457763672;8.539999961853027;8.229999542236328;8.4399995803833;8.369512557983398;408200;-1.86;-47.570000000000036
2022-06-10 00:00:00-03:00;8.270000457763672;8.300000190734863;7.78000020980835;7.909999847412109;7.843939304351807;344000;-6.28;-53.85000000000004
2022-06-13 00:00:00-03:00;7.71999979019165;7.71999979019165;7.389999866485596;7.519999980926514;7.4571967124938965;462900;-4.93;-58.78000000000004
2022-06-14 00:00:00-03:00;7.510000228881836;7.619999885559082;7.360000133514404;7.5;7.437363624572754;853100;-0.27;-59.05000000000004
2022-06-15 00:00:00-03:00;7.550000190734863;7.809999942779541;7.329999923706055;7.610000133514404;7.546445369720459;578400;1.47;-57.58000000000004
2022-06-17 00:00:00-03:00;7.559999942779541;7.699999809265137;7.349999904632568;7.349999904632568;7.288616180419922;372700;-3.42;-61.00000000000004
2022-06-20 00:00:00-03:00;7.400000095367432;7.619999885559082;7.25;7.619999885559082;7.556361198425293;278400;3.67;-57.33000000000004
2022-06-21 00:00:00-03:00;7.710000038146973;7.739999771118164;7.519999980926514;7.650000095367432;7.586111068725586;2248400;0.39;-56.94000000000004
2022-06-22 00:00:00-03:00;7.539999961853027;7.710000038146973;7.449999809265137;7.710000038146973;7.6456098556518555;294400;0.78;-56.16000000000004
2022-06-23 00:00:00-03:00;7.730000019073486;7.980000019073486;7.650000095367432;7.980000019073486;7.913354873657227;258300;3.5;-52.66000000000004
2022-06-24 00:00:00-03:00;8.010000228881836;8.180000305175781;7.78000020980835;8.15999984741211;8.091851234436035;589800;2.26;-50.40000000000004
2022-06-27 00:00:00-03:00;8.15999984741211;8.199999809265137;7.800000190734863;8.050000190734863;7.9827704429626465;338400;-1.35;-51.75000000000004
2022-06-28 00:00:00-03:00;8.050000190734863;8.140000343322754;7.619999885559082;7.699999809265137;7.635693073272705;294300;-4.35;-56.100000000000044
2022-06-29 00:00:00-03:00;7.650000095367432;7.650000095367432;7.320000171661377;7.5;7.437363624572754;361600;-2.6;-58.700000000000045
2022-06-30 00:00:00-03:00;7.489999771118164;7.519999980926514;7.050000190734863;7.349999904632568;7.288616180419922;507100;-2.0;-60.700000000000045
2022-07-01 00:00:00-03:00;7.349999904632568;7.570000171661377;7.210000038146973;7.400000095367432;7.338199138641357;328300;0.68;-60.020000000000046
2022-07-04 00:00:00-03:00;7.429999828338623;7.539999961853027;7.239999771118164;7.369999885559082;7.3084492683410645;273100;-0.41;-60.43000000000004
2022-07-05 00:00:00-03:00;7.389999866485596;7.889999866485596;7.139999866485596;7.889999866485596;7.824106693267822;542700;7.06;-53.37000000000004
2022-07-06 00:00:00-03:00;7.769999980926514;7.840000152587891;7.570000171661377;7.710000038146973;7.6456098556518555;448500;-2.28;-55.65000000000004
2022-07-07 00:00:00-03:00;7.809999942779541;7.820000171661377;7.599999904632568;7.739999771118164;7.67535924911499;466000;0.39;-55.26000000000004
2022-07-08 00:00:00-03:00;7.78000020980835;8.0;7.550000190734863;7.710000038146973;7.6456098556518555;752700;-0.39;-55.65000000000004
2022-07-11 00:00:00-03:00;7.710000038146973;7.710000038146973;7.21999979019165;7.449999809265137;7.387781143188477;1168000;-3.37;-59.02000000000004
2022-07-12 00:00:00-03:00;7.360000133514404;7.760000228881836;7.260000228881836;7.760000228881836;7.695192337036133;510000;4.16;-54.86000000000004
2022-07-13 00:00:00-03:00;7.650000095367432;7.71999979019165;7.440000057220459;7.610000133514404;7.546445369720459;1604200;-1.93;-56.79000000000004
2022-07-14 00:00:00-03:00;7.590000152587891;7.590000152587891;7.199999809265137;7.199999809265137;7.139869213104248;1022200;-5.39;-62.18000000000004
2022-07-15 00:00:00-03:00;7.28000020980835;7.639999866485596;7.210000038146973;7.550000190734863;7.486946105957031;778700;4.86;-57.32000000000004
2022-07-18 00:00:00-03:00;7.539999961853027;7.809999942779541;7.420000076293945;7.519999980926514;7.4571967124938965;224600;-0.4;-57.72000000000004
2022-07-19 00:00:00-03:00;7.510000228881836;7.960000038146973;7.510000228881836;7.960000038146973;7.893522262573242;230300;5.85;-51.87000000000004
2022-07-20 00:00:00-03:00;8.0;8.210000038146973;7.809999942779541;8.100000381469727;8.032353401184082;229900;1.76;-50.11000000000004
2022-07-21 00:00:00-03:00;8.140000343322754;8.520000457763672;8.050000190734863;8.479999542236328;8.409178733825684;470700;4.69;-45.420000000000044
2022-07-22 00:00:00-03:00;8.479999542236328;8.520000457763672;8.140000343322754;8.350000381469727;8.280264854431152;743500;-1.53;-46.950000000000045
2022-07-25 00:00:00-03:00;8.34000015258789;8.390000343322754;8.069999694824219;8.270000457763672;8.200933456420898;154400;-0.96;-47.910000000000046
2022-07-26 00:00:00-03:00;8.289999961853027;8.289999961853027;7.96999979019165;8.0600004196167;7.992687225341797;583600;-2.54;-50.450000000000045
2022-07-27 00:00:00-03:00;8.079999923706055;8.529999732971191;8.069999694824219;8.510000228881836;8.438928604125977;317600;5.58;-44.87000000000005
2022-07-28 00:00:00-03:00;8.520000457763672;8.680000305175781;8.149999618530273;8.600000381469727;8.528177261352539;319400;1.06;-43.810000000000045
2022-07-29 00:00:00-03:00;8.6899995803833;9.010000228881836;8.529999732971191;8.979999542236328;8.90500259399414;240900;4.42;-39.39000000000004
2022-08-01 00:00:00-03:00;8.979999542236328;9.539999961853027;8.770000457763672;9.369999885559082;9.291746139526367;652100;4.34;-35.05000000000004
2022-08-02 00:00:00-03:00;9.380000114440918;9.640000343322754;9.199999809265137;9.550000190734863;9.470243453979492;573700;1.92;-33.13000000000004
2022-08-03 00:00:00-03:00;9.510000228881836;10.100000381469727;9.40999984741211;10.100000381469727;10.015649795532227;725200;5.76;-27.37000000000004
2022-08-04 00:00:00-03:00;10.109999656677246;10.569999694824219;9.819999694824219;10.0;9.916484832763672;876900;-0.99;-28.36000000000004
2022-08-05 00:00:00-03:00;9.989999771118164;10.109999656677246;9.65999984741211;10.0;9.916484832763672;229800;0.0;-28.36000000000004
2022-08-08 00:00:00-03:00;10.130000114440918;10.569999694824219;10.0600004196167;10.289999961853027;10.204063415527344;783000;2.9;-25.46000000000004
2022-08-09 00:00:00-03:00;10.279999732971191;10.279999732971191;9.739999771118164;9.850000381469727;9.767738342285156;221000;-4.28;-29.74000000000004
2022-08-10 00:00:00-03:00;9.890000343322754;9.979999542236328;8.449999809265137;8.489999771118164;8.419095039367676;2113700;-13.81;-43.55000000000004
2022-08-11 00:00:00-03:00;8.420000076293945;8.5600004196167;7.78000020980835;7.860000133514404;7.7943572998046875;823000;-7.42;-50.97000000000004
2022-08-12 00:00:00-03:00;7.849999904632568;8.15999984741211;7.829999923706055;8.15999984741211;8.15999984741211;402700;4.69;-46.280000000000044
2022-08-15 00:00:00-03:00;8.170000076293945;9.100000381469727;8.020000457763672;9.020000457763672;9.020000457763672;896100;10.54;-35.740000000000045
2022-08-16 00:00:00-03:00;9.109999656677246;9.109999656677246;8.579999923706055;8.829999923706055;8.829999923706055;332700;-2.11;-37.850000000000044
2022-08-17 00:00:00-03:00;8.720000267028809;8.989999771118164;8.649999618530273;8.9399995803833;8.9399995803833;153300;1.25;-36.600000000000044
2022-08-18 00:00:00-03:00;8.949999809265137;9.239999771118164;8.779999732971191;9.0600004196167;9.0600004196167;230400;1.34;-35.26000000000004
2022-08-19 00:00:00-03:00;8.850000381469727;8.880000114440918;8.520000457763672;8.640000343322754;8.640000343322754;629900;-4.64;-39.90000000000004
2022-08-22 00:00:00-03:00;8.609999656677246;8.609999656677246;8.170000076293945;8.229999542236328;8.229999542236328;388400;-4.75;-44.65000000000004
2022-08-23 00:00:00-03:00;8.279999732971191;9.020000457763672;8.1899995803833;9.0;9.0;252800;9.36;-35.29000000000004
2022-08-24 00:00:00-03:00;8.930000305175781;9.5;8.850000381469727;9.449999809265137;9.449999809265137;636800;5.0;-30.290000000000042
2022-08-25 00:00:00-03:00;9.489999771118164;9.550000190734863;9.100000381469727;9.239999771118164;9.239999771118164;606300;-2.22;-32.51000000000004
2022-08-26 00:00:00-03:00;9.289999961853027;9.3100004196167;8.8100004196167;8.920000076293945;8.920000076293945;221300;-3.46;-35.97000000000004
2022-08-29 00:00:00-03:00;8.8100004196167;8.869999885559082;8.489999771118164;8.550000190734863;8.550000190734863;339700;-4.15;-40.12000000000004
2022-08-30 00:00:00-03:00;8.59000015258789;8.75;8.239999771118164;8.319999694824219;8.319999694824219;240300;-2.69;-42.81000000000004
2022-08-31 00:00:00-03:00;8.220000267028809;8.420000076293945;8.039999961853027;8.119999885559082;8.119999885559082;775900;-2.4;-45.210000000000036
2022-09-01 00:00:00-03:00;8.100000381469727;8.270000457763672;7.809999942779541;8.1899995803833;8.1899995803833;228900;0.86;-44.35000000000004
2022-09-02 00:00:00-03:00;8.300000190734863;8.600000381469727;8.100000381469727;8.220000267028809;8.220000267028809;690400;0.37;-43.98000000000004
2022-09-05 00:00:00-03:00;8.289999961853027;8.350000381469727;8.15999984741211;8.270000457763672;8.270000457763672;124400;0.61;-43.37000000000004
2022-09-06 00:00:00-03:00;8.229999542236328;8.229999542236328;7.889999866485596;8.0600004196167;8.0600004196167;1068600;-2.54;-45.91000000000004
2022-09-08 00:00:00-03:00;8.0600004196167;8.380000114440918;8.039999961853027;8.229999542236328;8.229999542236328;228900;2.11;-43.80000000000004
2022-09-09 00:00:00-03:00;8.390000343322754;8.600000381469727;8.300000190734863;8.600000381469727;8.600000381469727;259600;4.5;-39.30000000000004
2022-09-12 00:00:00-03:00;8.800000190734863;8.819999694824219;8.529999732971191;8.819999694824219;8.819999694824219;159200;2.56;-36.74000000000004
2022-09-13 00:00:00-03:00;8.609999656677246;8.630000114440918;8.420000076293945;8.609999656677246;8.609999656677246;297300;-2.38;-39.12000000000004
2022-09-14 00:00:00-03:00;8.550000190734863;8.550000190734863;8.25;8.449999809265137;8.449999809265137;218000;-1.86;-40.98000000000004
2022-09-15 00:00:00-03:00;8.350000381469727;8.649999618530273;8.239999771118164;8.399999618530273;8.399999618530273;693300;-0.59;-41.57000000000004
2022-09-16 00:00:00-03:00;8.350000381469727;8.460000038146973;8.010000228881836;8.460000038146973;8.460000038146973;365400;0.71;-40.86000000000004
